dex,name,attack,defense,stamina
1,bulbasaur,118,111,128
1,bulbasaur_shadow,118,111,128
2,ivysaur,151,143,155
2,ivysaur_shadow,151,143,155
3,venusaur,198,189,190
3,venusaur_mega,241,246,190
3,venusaur_shadow,198,189,190
4,charmander,116,93,118
4,charmander_shadow,116,93,118
5,charmeleon,158,126,151
5,charmeleon_shadow,158,126,151
6,charizard,223,173,186
6,charizard_mega_x,273,213,186
6,charizard_mega_y,319,212,186
6,charizard_shadow,223,173,186
7,squirtle,94,121,127
7,squirtle_shadow,94,121,127
8,wartortle,126,155,153
8,wartortle_shadow,126,155,153
9,blastoise,171,207,188
9,blastoise_mega,264,237,188
9,blastoise_shadow,171,207,188
10,caterpie,55,55,128
11,metapod,45,80,137
12,butterfree,167,137,155
13,weedle,63,50,120
13,weedle_shadow,63,50,120
14,kakuna,46,75,128
14,kakuna_shadow,46,75,128
15,beedrill,169,130,163
15,beedrill_mega,303,148,163
15,beedrill_shadow,169,130,163
16,pidgey,85,73,120
16,pidgey_shadow,85,73,120
17,pidgeotto,117,105,160
17,pidgeotto_shadow,117,105,160
18,pidgeot,166,154,195
18,pidgeot_mega,280,175,195
18,pidgeot_shadow,166,154,195
19,rattata,103,70,102
19,rattata_alolan,103,70,102
19,rattata_shadow,103,70,102
19,rattata_alolan_shadow,103,70,102
20,raticate,161,139,146
20,raticate_alolan,135,154,181
20,raticate_shadow,161,139,146
20,raticate_alolan_shadow,135,154,181
21,spearow,112,60,120
22,fearow,182,133,163
23,ekans,110,97,111
23,ekans_shadow,110,97,111
24,arbok,167,153,155
24,arbok_shadow,167,153,155
25,pikachu,112,96,111
25,pikachu_5th_anniversary,112,96,111
25,pikachu_flying,112,96,111
25,pikachu_horizons,112,96,111
25,pikachu_kariyushi,112,96,111
25,pikachu_libre,112,96,111
25,pikachu_pop_star,112,96,111
25,pikachu_rock_star,112,96,111
25,pikachu_shaymin,112,96,111
26,raichu,193,151,155
26,raichu_alolan,201,154,155
27,sandshrew,126,120,137
27,sandshrew_alolan,125,129,137
27,sandshrew_shadow,126,120,137
27,sandshrew_alolan_shadow,125,129,137
28,sandslash,182,175,181
28,sandslash_alolan,177,195,181
28,sandslash_shadow,182,175,181
28,sandslash_alolan_shadow,177,195,181
29,nidoran_female,86,89,146
29,nidoran_female_shadow,86,89,146
30,nidorina,117,120,172
30,nidorina_shadow,117,120,172
31,nidoqueen,180,173,207
31,nidoqueen_shadow,180,173,207
32,nidoran_male,105,76,130
32,nidoran_male_shadow,105,76,130
33,nidorino,137,111,156
33,nidorino_shadow,137,111,156
34,nidoking,204,156,191
34,nidoking_shadow,204,156,191
35,clefairy,107,108,172
36,clefable,178,162,216
37,vulpix,96,109,116
37,vulpix_alolan,96,109,116
37,vulpix_shadow,96,109,116
37,vulpix_alolan_shadow,96,109,116
38,ninetales,169,190,177
38,ninetales_alolan,170,193,177
38,ninetales_shadow,169,190,177
38,ninetales_alolan_shadow,170,193,177
39,jigglypuff,80,41,251
40,wigglytuff,156,90,295
41,zubat,83,73,120
41,zubat_shadow,83,73,120
42,golbat,161,150,181
42,golbat_shadow,161,150,181
43,oddish,131,112,128
43,oddish_shadow,131,112,128
44,gloom,153,136,155
44,gloom_shadow,153,136,155
45,vileplume,202,167,181
45,vileplume_shadow,202,167,181
46,paras,121,99,111
47,parasect,165,146,155
48,venonat,100,100,155
48,venonat_shadow,100,100,155
49,venomoth,179,143,172
49,venomoth_shadow,179,143,172
50,diglett,109,78,67
50,diglett_alolan,108,81,67
50,diglett_shadow,109,78,67
50,diglett_alolan_shadow,108,81,67
51,dugtrio,167,136,111
51,dugtrio_alolan,201,142,111
51,dugtrio_shadow,167,136,111
51,dugtrio_alolan_shadow,201,142,111
52,meowth,92,78,120
52,meowth_alolan,99,78,120
52,meowth_galarian,115,92,137
52,meowth_shadow,92,78,120
53,persian,150,136,163
53,persian_alolan,158,136,163
53,persian_shadow,150,136,163
54,psyduck,122,95,137
54,psyduck_shadow,122,95,137
55,golduck,191,162,190
55,golduck_shadow,191,162,190
56,mankey,148,82,120
57,primeape,207,138,163
58,growlithe,136,93,146
58,growlithe_hisuian,142,92,155
58,growlithe_shadow,136,93,146
59,arcanine,227,166,207
59,arcanine_hisuian,232,165,216
59,arcanine_shadow,227,166,207
60,poliwag,101,82,120
60,poliwag_shadow,101,82,120
61,poliwhirl,130,123,163
61,poliwhirl_shadow,130,123,163
62,poliwrath,182,184,207
62,poliwrath_shadow,182,184,207
63,abra,195,82,93
63,abra_shadow,195,82,93
64,kadabra,232,117,120
64,kadabra_shadow,232,117,120
65,alakazam,271,167,146
65,alakazam_mega,367,207,146
65,alakazam_shadow,271,167,146
66,machop,137,82,172
66,machop_shadow,137,82,172
67,machoke,177,125,190
67,machoke_shadow,177,125,190
68,machamp,234,159,207
68,machamp_shadow,234,159,207
69,bellsprout,139,61,137
69,bellsprout_shadow,139,61,137
70,weepinbell,172,92,163
70,weepinbell_shadow,172,92,163
71,victreebel,207,135,190
71,victreebel_shadow,207,135,190
72,tentacool,97,149,120
72,tentacool_shadow,97,149,120
73,tentacruel,166,209,190
73,tentacruel_shadow,166,209,190
74,geodude,132,132,120
74,geodude_alolan,132,132,120
74,geodude_shadow,132,132,120
74,geodude_alolan_shadow,132,132,120
75,graveler,164,164,146
75,graveler_alolan,164,164,146
75,graveler_shadow,164,164,146
75,graveler_alolan_shadow,164,164,146
76,golem,211,198,190
76,golem_alolan,211,198,190
76,golem_shadow,211,198,190
76,golem_alolan_shadow,211,198,190
77,ponyta,170,127,137
77,ponyta_galarian,170,127,137
78,rapidash,207,162,163
78,rapidash_galarian,207,162,163
79,slowpoke,109,98,207
79,slowpoke_galarian,109,98,207
79,slowpoke_shadow,109,98,207
80,slowbro,177,180,216
80,slowbro_galarian,182,156,216
80,slowbro_mega,224,259,216
80,slowbro_shadow,177,180,216
81,magnemite,165,121,93
81,magnemite_shadow,165,121,93
82,magneton,223,169,137
82,magneton_shadow,223,169,137
83,farfetchd,124,115,141
83,farfetchd_galarian,174,114,141
84,doduo,158,83,111
85,dodrio,218,140,155
86,seel,85,121,163
87,dewgong,139,177,207
88,grimer,135,90,190
88,grimer_alolan,135,90,190
88,grimer_shadow,135,90,190
88,grimer_alolan_shadow,135,90,190
89,muk,190,172,233
89,muk_alolan,190,172,233
89,muk_shadow,190,172,233
89,muk_alolan_shadow,190,172,233
90,shellder,116,134,102
90,shellder_shadow,116,134,102
91,cloyster,186,256,137
91,cloyster_shadow,186,256,137
92,gastly,186,67,102
92,gastly_shadow,186,67,102
93,haunter,223,107,128
93,haunter_shadow,223,107,128
94,gengar,261,149,155
94,gengar_mega,349,199,155
94,gengar_shadow,261,149,155
95,onix,85,232,111
95,onix_shadow,85,232,111
96,drowzee,89,136,155
96,drowzee_shadow,89,136,155
97,hypno,144,193,198
97,hypno_shadow,144,193,198
98,krabby,181,124,102
99,kingler,240,181,146
100,voltorb,109,111,120
100,voltorb_hisuian,109,111,120
100,voltorb_shadow,109,111,120
101,electrode,173,173,155
101,electrode_hisuian,176,176,155
101,electrode_shadow,173,173,155
102,exeggcute,107,125,155
102,exeggcute_shadow,107,125,155
103,exeggutor,233,149,216
103,exeggutor_alolan,230,153,216
103,exeggutor_shadow,233,149,216
103,exeggutor_alolan_shadow,230,153,216
104,cubone,90,144,137
104,cubone_shadow,90,144,137
105,marowak,144,186,155
105,marowak_alolan,144,186,155
105,marowak_shadow,144,186,155
105,marowak_alolan_shadow,144,186,155
106,hitmonlee,224,181,137
106,hitmonlee_shadow,224,181,137
107,hitmonchan,193,197,137
107,hitmonchan_shadow,193,197,137
108,lickitung,108,137,207
109,koffing,119,141,120
109,koffing_shadow,119,141,120
110,weezing,174,197,163
110,weezing_galarian,174,197,163
110,weezing_shadow,174,197,163
111,rhyhorn,140,127,190
111,rhyhorn_shadow,140,127,190
112,rhydon,222,171,233
112,rhydon_shadow,222,171,233
113,chansey,60,128,487
114,tangela,183,169,163
114,tangela_shadow,183,169,163
115,kangaskhan,181,165,233
115,kangaskhan_mega,246,210,233
116,horsea,129,103,102
116,horsea_shadow,129,103,102
117,seadra,187,156,146
117,seadra_shadow,187,156,146
118,goldeen,123,110,128
119,seaking,175,147,190
120,staryu,137,112,102
121,starmie,210,184,155
122,mr_mime,192,205,120
122,mr_mime_galarian,183,169,137
123,scyther,218,170,172
123,scyther_shadow,218,170,172
124,jynx,223,151,163
125,electabuzz,198,158,163
125,electabuzz_shadow,198,158,163
126,magmar,206,154,163
126,magmar_shadow,206,154,163
127,pinsir,238,182,163
127,pinsir_mega,305,231,163
127,pinsir_shadow,238,182,163
128,tauros,198,183,181
129,magikarp,29,85,85
129,magikarp_shadow,29,85,85
130,gyarados,237,186,216
130,gyarados_mega,292,247,216
130,gyarados_shadow,237,186,216
131,lapras,165,174,277
131,lapras_shadow,165,174,277
132,ditto,91,91,134
133,eevee,104,114,146
134,vaporeon,205,161,277
135,jolteon,232,182,163
136,flareon,246,179,163
137,porygon,153,136,163
137,porygon_shadow,153,136,163
138,omanyte,155,153,111
138,omanyte_shadow,155,153,111
139,omastar,207,201,172
139,omastar_shadow,207,201,172
140,kabuto,148,140,102
141,kabutops,220,186,155
142,aerodactyl,221,159,190
142,aerodactyl_mega,292,210,190
142,aerodactyl_shadow,221,159,190
143,snorlax,190,169,330
143,snorlax_shadow,190,169,330
144,articuno,192,236,207
144,articuno_galarian,250,197,207
144,articuno_shadow,192,236,207
145,zapdos,253,185,207
145,zapdos_galarian,252,189,207
145,zapdos_shadow,253,185,207
146,moltres,251,181,207
146,moltres_galarian,202,231,207
146,moltres_shadow,251,181,207
147,dratini,119,91,121
147,dratini_shadow,119,91,121
148,dragonair,163,135,156
148,dragonair_shadow,163,135,156
149,dragonite,263,198,209
149,dragonite_shadow,263,198,209
150,mewtwo,300,182,214
150,mewtwo_armored,182,278,214
150,mewtwo_shadow,300,182,214
151,mew,210,210,225
152,chikorita,92,122,128
152,chikorita_shadow,92,122,128
153,bayleef,122,155,155
153,bayleef_shadow,122,155,155
154,meganium,168,202,190
154,meganium_shadow,168,202,190
155,cyndaquil,116,93,118
155,cyndaquil_shadow,116,93,118
156,quilava,158,126,151
156,quilava_shadow,158,126,151
157,typhlosion,223,173,186
157,typhlosion_hisuian,238,172,177
157,typhlosion_shadow,223,173,186
158,totodile,117,109,137
158,totodile_shadow,117,109,137
159,croconaw,150,142,163
159,croconaw_shadow,150,142,163
160,feraligatr,205,188,198
160,feraligatr_shadow,205,188,198
161,sentret,79,73,111
162,furret,148,125,198
163,hoothoot,67,88,155
164,noctowl,145,156,225
165,ledyba,72,118,120
165,ledyba_shadow,72,118,120
166,ledian,107,179,146
166,ledian_shadow,107,179,146
167,spinarak,105,73,120
168,ariados,161,124,172
169,crobat,194,178,198
169,crobat_shadow,194,178,198
170,chinchou,106,97,181
171,lanturn,146,137,268
171,lanturnw,146,137,268
172,pichu,77,53,85
173,cleffa,75,79,137
174,igglybuff,69,32,207
175,togepi,67,116,111
176,togetic,139,181,146
177,natu,134,89,120
177,natu_shadow,134,89,120
178,xatu,192,146,163
178,xatu_shadow,192,146,163
179,mareep,114,79,146
179,mareep_shadow,114,79,146
180,flaaffy,145,109,172
180,flaaffy_shadow,145,109,172
181,ampharos,211,169,207
181,ampharos_mega,294,203,207
181,ampharos_shadow,211,169,207
182,bellossom,169,186,181
182,bellossom_shadow,169,186,181
183,marill,37,93,172
184,azumarill,112,152,225
185,sudowoodo,167,176,172
185,sudowoodo_shadow,167,176,172
186,politoed,174,179,207
186,politoed_shadow,174,179,207
187,hoppip,67,94,111
187,hoppip_shadow,67,94,111
188,skiploom,91,120,146
188,skiploom_shadow,91,120,146
189,jumpluff,118,183,181
189,jumpluff_shadow,118,183,181
190,aipom,136,112,146
190,aipom_shadow,136,112,146
191,sunkern,55,55,102
192,sunflora,185,135,181
193,yanma,154,94,163
194,wooper,75,66,146
194,wooper_paldean,75,66,146
194,wooper_shadow,75,66,146
195,quagsire,152,143,216
195,quagsire_shadow,152,143,216
196,espeon,261,175,163
197,umbreon,126,240,216
198,murkrow,175,87,155
198,murkrow_shadow,175,87,155
199,slowking,177,180,216
199,slowking_galarian,190,180,216
199,slowking_shadow,177,180,216
200,misdreavus,167,154,155
200,misdreavus_shadow,167,154,155
201,unown,136,91,134
202,wobbuffet,60,106,382
202,wobbuffet_shadow,60,106,382
203,girafarig,182,133,172
203,girafarig_shadow,182,133,172
204,pineco,108,122,137
204,pineco_shadow,108,122,137
205,forretress,161,205,181
205,forretress_shadow,161,205,181
206,dunsparce,131,128,225
207,gligar,143,184,163
207,gligar_shadow,143,184,163
208,steelix,148,272,181
208,steelix_mega,212,327,181
208,steelix_shadow,148,272,181
209,snubbull,137,85,155
209,snubbull_shadow,137,85,155
210,granbull,212,131,207
210,granbull_shadow,212,131,207
211,qwilfish,184,138,163
211,qwilfish_hisuian,184,151,163
212,scizor,236,181,172
212,scizor_mega,279,250,172
212,scizor_shadow,236,181,172
213,shuckle,17,396,85
213,shuckle_shadow,17,396,85
214,heracross,234,179,190
214,heracross_mega,334,223,190
215,sneasel,189,146,146
215,sneasel_hisuian,189,146,146
215,sneasel_shadow,189,146,146
215,sneasel_hisuian_shadow,189,146,146
216,teddiursa,142,93,155
216,teddiursa_shadow,142,93,155
217,ursaring,236,144,207
217,ursaring_shadow,236,144,207
218,slugma,118,71,120
219,magcargo,139,191,137
220,swinub,90,69,137
220,swinub_shadow,90,69,137
221,piloswine,181,138,225
221,piloswine_shadow,181,138,225
222,corsola,118,156,146
223,remoraid,127,69,111
224,octillery,197,141,181
225,delibird,128,90,128
225,delibird_shadow,128,90,128
226,mantine,148,226,163
227,skarmory,148,226,163
227,skarmory_shadow,148,226,163
228,houndour,152,83,128
228,houndour_shadow,152,83,128
229,houndoom,224,144,181
229,houndoom_mega,289,194,181
229,houndoom_shadow,224,144,181
230,kingdra,194,194,181
230,kingdra_shadow,194,194,181
231,phanpy,107,98,207
231,phanpy_shadow,107,98,207
232,donphan,214,185,207
232,donphan_shadow,214,185,207
233,porygon2,198,180,198
233,porygon2_shadow,198,180,198
234,stantler,192,131,177
234,stantler_shadow,192,131,177
235,smeargle,40,83,146
236,tyrogue,64,64,111
237,hitmontop,173,207,137
237,hitmontop_shadow,173,207,137
238,smoochum,153,91,128
239,elekid,135,101,128
240,magby,151,99,128
241,miltank,157,193,216
242,blissey,129,169,496
243,raikou,241,195,207
243,raikou_shadow,241,195,207
244,entei,235,171,251
244,entei_shadow,235,171,251
245,suicune,180,235,225
245,suicune_shadow,180,235,225
246,larvitar,115,93,137
246,larvitar_shadow,115,93,137
247,pupitar,155,133,172
247,pupitar_shadow,155,133,172
248,tyranitar,251,207,225
248,tyranitar_mega,309,276,225
248,tyranitar_shadow,251,207,225
249,lugia,193,310,235
249,lugia_shadow,193,310,235
250,ho_oh,239,244,214
250,ho_oh_shadow,239,244,214
251,celebi,210,210,225
252,treecko,124,94,120
252,treecko_shadow,124,94,120
253,grovyle,172,120,137
253,grovyle_shadow,172,120,137
254,sceptile,223,169,172
254,sceptile_mega,320,186,172
254,sceptile_shadow,223,169,172
255,torchic,130,87,128
255,torchic_shadow,130,87,128
256,combusken,163,115,155
256,combusken_shadow,163,115,155
257,blaziken,240,141,190
257,blaziken_mega,329,168,190
257,blaziken_shadow,240,141,190
258,mudkip,126,93,137
258,mudkip_shadow,126,93,137
259,marshtomp,156,133,172
259,marshtomp_shadow,156,133,172
260,swampert,208,175,225
260,swampert_mega,283,218,225
260,swampert_shadow,208,175,225
261,poochyena,96,61,111
261,poochyena_shadow,96,61,111
262,mightyena,171,132,172
262,mightyena_shadow,171,132,172
263,zigzagoon,58,80,116
263,zigzagoon_galarian,58,80,116
264,linoone,142,128,186
264,linoone_galarian,142,128,186
265,wurmple,75,59,128
266,silcoon,60,77,137
267,beautifly,189,98,155
268,cascoon,60,77,137
269,dustox,98,162,155
270,lotad,71,77,120
271,lombre,112,119,155
272,ludicolo,173,176,190
273,seedot,71,77,120
273,seedot_shadow,71,77,120
274,nuzleaf,134,78,172
274,nuzleaf_shadow,134,78,172
275,shiftry,200,121,207
275,shiftry_shadow,200,121,207
276,taillow,106,61,120
277,swellow,185,124,155
278,wingull,106,61,120
279,pelipper,175,174,155
280,ralts,79,59,99
280,ralts_shadow,79,59,99
281,kirlia,117,90,116
281,kirlia_shadow,117,90,116
282,gardevoir,237,195,169
282,gardevoir_mega,326,229,169
282,gardevoir_shadow,237,195,169
283,surskit,93,87,120
284,masquerain,192,150,172
285,shroomish,74,110,155
286,breloom,241,144,155
287,slakoth,104,92,155
288,vigoroth,159,145,190
289,slaking,290,166,284
290,nincada,80,126,104
291,ninjask,199,112,156
292,shedinja,153,73,1
293,whismur,92,42,162
293,whismur_shadow,92,42,162
294,loudred,134,81,197
294,loudred_shadow,134,81,197
295,exploud,179,137,232
295,exploud_shadow,179,137,232
296,makuhita,99,54,176
296,makuhita_shadow,99,54,176
297,hariyama,209,114,302
297,hariyama_shadow,209,114,302
298,azurill,36,71,137
299,nosepass,82,215,102
299,nosepass_shadow,82,215,102
300,skitty,84,79,137
301,delcatty,132,127,172
302,sableye,141,136,137
302,sableye_mega,151,216,137
302,sableye_shadow,141,136,137
303,mawile,155,141,137
303,mawile_shadow,155,141,137
304,aron,121,141,137
304,aron_shadow,121,141,137
305,lairon,158,198,155
305,lairon_shadow,158,198,155
306,aggron,198,257,172
306,aggron_mega,247,331,172
306,aggron_shadow,198,257,172
307,meditite,78,107,102
308,medicham,121,152,155
308,medicham_mega,205,179,155
309,electrike,123,78,120
309,electrike_shadow,123,78,120
310,manectric,215,127,172
310,manectric_mega,286,179,172
310,manectric_shadow,215,127,172
311,plusle,167,129,155
312,minun,147,150,155
313,volbeat,143,166,163
314,illumise,143,166,163
315,roselia,186,131,137
316,gulpin,80,99,172
317,swalot,140,159,225
318,carvanha,171,39,128
318,carvanha_shadow,171,39,128
319,sharpedo,243,83,172
319,sharpedo_shadow,243,83,172
320,wailmer,136,68,277
320,wailmer_shadow,136,68,277
321,wailord,175,87,347
321,wailord_shadow,175,87,347
322,numel,119,79,155
322,numel_shadow,119,79,155
323,camerupt,194,136,172
323,camerupt_shadow,194,136,172
324,torkoal,151,203,172
325,spoink,125,122,155
325,spoink_shadow,125,122,155
326,grumpig,171,188,190
326,grumpig_shadow,171,188,190
327,spinda,116,116,155
328,trapinch,162,78,128
328,trapinch_shadow,162,78,128
329,vibrava,134,99,137
329,vibrava_shadow,134,99,137
330,flygon,205,168,190
330,flygon_shadow,205,168,190
331,cacnea,156,74,137
331,cacnea_shadow,156,74,137
332,cacturne,221,115,172
332,cacturne_shadow,221,115,172
333,swablu,76,132,128
334,altaria,141,201,181
334,altaria_mega,222,218,181
335,zangoose,222,124,177
336,seviper,196,118,177
337,lunatone,178,153,207
338,solrock,178,153,207
339,barboach,93,82,137
339,barboach_shadow,93,82,137
340,whiscash,151,141,242
340,whiscash_shadow,151,141,242
341,corphish,141,99,125
341,corphish_shadow,141,99,125
342,crawdaunt,224,142,160
342,crawdaunt_shadow,224,142,160
343,baltoy,77,124,120
344,claydol,140,229,155
345,lileep,105,150,165
345,lileep_shadow,105,150,165
346,cradily,152,194,200
346,cradily_shadow,152,194,200
347,anorith,176,100,128
347,anorith_shadow,176,100,128
348,armaldo,222,174,181
348,armaldo_shadow,222,174,181
349,feebas,29,85,85
350,milotic,192,219,216
351,castform,139,139,172
351,castform_rainy,139,139,172
351,castform_snowy,139,139,172
351,castform_sunny,139,139,172
352,kecleon,161,189,155
353,shuppet,138,65,127
353,shuppet_shadow,138,65,127
354,banette,218,126,162
354,banette_mega,312,160,162
354,banette_shadow,218,126,162
355,duskull,70,162,85
355,duskull_shadow,70,162,85
356,dusclops,124,234,120
356,dusclops_shadow,124,234,120
357,tropius,136,163,223
358,chimecho,175,170,181
359,absol,246,120,163
359,absol_mega,314,130,163
359,absol_shadow,246,120,163
360,wynaut,41,86,216
361,snorunt,95,95,137
361,snorunt_shadow,95,95,137
362,glalie,162,162,190
362,glalie_mega,252,168,190
362,glalie_shadow,162,162,190
363,spheal,95,90,172
363,spheal_shadow,95,90,172
364,sealeo,137,132,207
364,sealeo_shadow,137,132,207
365,walrein,182,176,242
365,walrein_shadow,182,176,242
366,clamperl,133,135,111
367,huntail,197,179,146
368,gorebyss,211,179,146
369,relicanth,162,203,225
370,luvdisc,81,128,125
371,bagon,134,93,128
371,bagon_shadow,134,93,128
372,shelgon,172,155,163
372,shelgon_shadow,172,155,163
373,salamence,277,168,216
373,salamence_mega,310,251,216
373,salamence_shadow,277,168,216
374,beldum,96,132,120
374,beldum_shadow,96,132,120
375,metang,138,176,155
375,metang_shadow,138,176,155
376,metagross,257,228,190
376,metagross_shadow,257,228,190
377,regirock,179,309,190
377,regirock_shadow,179,309,190
378,regice,179,309,190
378,regice_shadow,179,309,190
379,registeel,143,285,190
379,registeel_shadow,143,285,190
380,latias,228,246,190
380,latias_mega,289,297,190
380,latias_shadow,228,246,190
381,latios,268,212,190
381,latios_mega,335,241,190
381,latios_shadow,268,212,190
382,kyogre,270,228,205
382,kyogre_primal,353,268,218
382,kyogre_shadow,270,228,205
383,groudon,270,228,205
383,groudon_primal,353,268,218
383,groudon_shadow,270,228,205
384,rayquaza,284,170,213
384,rayquaza_mega,377,210,227
385,jirachi,210,210,225
386,deoxys,345,115,137
386,deoxys_attack,414,46,137
386,deoxys_defense,144,330,137
386,deoxys_speed,230,218,137
387,turtwig,119,110,146
387,turtwig_shadow,119,110,146
388,grotle,157,143,181
388,grotle_shadow,157,143,181
389,torterra,202,188,216
389,torterra_shadow,202,188,216
390,chimchar,113,86,127
390,chimchar_shadow,113,86,127
391,monferno,158,105,162
391,monferno_shadow,158,105,162
392,infernape,222,151,183
392,infernape_shadow,222,151,183
393,piplup,112,102,142
393,piplup_shadow,112,102,142
394,prinplup,150,139,162
394,prinplup_shadow,150,139,162
395,empoleon,210,186,197
395,empoleon_shadow,210,186,197
396,starly,101,58,120
396,starly_shadow,101,58,120
397,staravia,142,94,146
397,staravia_shadow,142,94,146
398,staraptor,234,140,198
398,staraptor_shadow,234,140,198
399,bidoof,80,73,153
399,bidoof_shadow,80,73,153
400,bibarel,162,119,188
400,bibarel_shadow,162,119,188
401,kricketot,45,74,114
402,kricketune,160,100,184
403,shinx,117,64,128
403,shinx_shadow,117,64,128
404,luxio,159,95,155
404,luxio_shadow,159,95,155
405,luxray,232,156,190
405,luxray_shadow,232,156,190
406,budew,91,109,120
407,roserade,243,185,155
408,cranidos,218,71,167
408,cranidos_shadow,218,71,167
409,rampardos,295,109,219
409,rampardos_shadow,295,109,219
410,shieldon,76,195,102
410,shieldon_shadow,76,195,102
411,bastiodon,94,286,155
411,bastiodon_shadow,94,286,155
412,burmy_plant,53,83,120
412,burmy_sandy,53,83,120
412,burmy_trash,53,83,120
413,wormadam_plant,141,180,155
413,wormadam_sandy,141,180,155
413,wormadam_trash,127,175,155
414,mothim,185,98,172
415,combee,59,83,102
416,vespiquen,149,190,172
417,pachirisu,94,172,155
418,buizel,132,67,146
419,floatzel,221,114,198
420,cherubi,108,92,128
421,cherrim_overcast,170,153,172
421,cherrim_sunny,170,153,172
422,shellos,103,105,183
423,gastrodon,169,143,244
424,ambipom,205,143,181
424,ambipom_shadow,205,143,181
425,drifloon,117,80,207
425,drifloon_shadow,117,80,207
426,drifblim,180,102,312
426,drifblim_shadow,180,102,312
427,buneary,130,105,146
428,lopunny,156,194,163
428,lopunny_mega,282,214,163
429,mismagius,211,187,155
429,mismagius_shadow,211,187,155
430,honchkrow,243,103,225
430,honchkrow_shadow,243,103,225
431,glameow,109,82,135
431,glameow_shadow,109,82,135
432,purugly,172,133,174
432,purugly_shadow,172,133,174
433,chingling,114,94,128
434,stunky,121,90,160
434,stunky_shadow,121,90,160
435,skuntank,184,132,230
435,skuntank_shadow,184,132,230
436,bronzor,43,154,149
437,bronzong,161,213,167
438,bonsly,124,133,137
439,mime_jr,125,142,85
440,happiny,25,77,225
441,chatot,183,91,183
442,spiritomb,169,199,137
443,gible,124,84,151
443,gible_shadow,124,84,151
444,gabite,172,125,169
444,gabite_shadow,172,125,169
445,garchomp,261,193,239
445,garchomp_mega,339,222,239
445,garchomp_shadow,261,193,239
446,munchlax,137,117,286
447,riolu,127,78,120
448,lucario,236,144,172
448,lucario_mega,310,175,172
449,hippopotas,124,118,169
449,hippopotas_shadow,124,118,169
450,hippowdon,201,191,239
450,hippowdon_shadow,201,191,239
451,skorupi,93,151,120
451,skorupi_shadow,93,151,120
452,drapion,180,202,172
452,drapion_shadow,180,202,172
453,croagunk,116,76,134
453,croagunk_shadow,116,76,134
454,toxicroak,211,133,195
454,toxicroak_shadow,211,133,195
455,carnivine,187,136,179
456,finneon,96,116,135
457,lumineon,142,170,170
458,mantyke,105,179,128
459,snover,115,105,155
459,snover_shadow,115,105,155
460,abomasnow,178,158,207
460,abomasnow_mega,240,191,207
460,abomasnow_shadow,178,158,207
461,weavile,243,171,172
461,weavile_shadow,243,171,172
462,magnezone,238,205,172
462,magnezone_shadow,238,205,172
463,lickilicky,161,181,242
464,rhyperior,241,190,251
464,rhyperior_shadow,241,190,251
465,tangrowth,207,184,225
465,tangrowth_shadow,207,184,225
466,electivire,249,163,181
466,electivire_shadow,249,163,181
467,magmortar,247,172,181
467,magmortar_shadow,247,172,181
468,togekiss,225,217,198
469,yanmega,231,156,200
470,leafeon,216,219,163
471,glaceon,238,205,163
472,gliscor,185,222,181
472,gliscor_shadow,185,222,181
473,mamoswine,247,146,242
473,mamoswine_shadow,247,146,242
474,porygon_z,264,150,198
474,porygon_z_shadow,264,150,198
475,gallade,237,195,169
475,gallade_shadow,237,195,169
476,probopass,135,275,155
476,probopass_shadow,135,275,155
477,dusknoir,180,254,128
477,dusknoir_shadow,180,254,128
478,froslass,171,150,172
478,froslass_shadow,171,150,172
479,rotom,185,159,137
479,rotom_fan,204,219,137
479,rotom_frost,204,219,137
479,rotom_heat,204,219,137
479,rotom_mow,204,219,137
479,rotom_wash,204,219,137
480,uxie,156,270,181
481,mesprit,212,212,190
482,azelf,270,151,181
483,dialga,275,211,205
483,dialga_origin,270,225,205
484,palkia,280,215,189
484,palkia_origin,286,223,189
485,heatran,251,213,209
486,regigigas,287,210,221
486,regigigas_shadow,287,210,221
487,giratina_altered,187,225,284
487,giratina_origin,225,187,284
488,cresselia,152,258,260
488,cresselia_shadow,152,258,260
489,phione,162,162,190
490,manaphy,210,210,225
491,darkrai,285,198,172
492,shaymin_land,210,210,225
492,shaymin_sky,261,166,225
493,arceus,238,238,237
493,arceus_bug,238,238,237
493,arceus_dark,238,238,237
493,arceus_dragon,238,238,237
493,arceus_electric,238,238,237
493,arceus_fairy,238,238,237
493,arceus_fighting,238,238,237
493,arceus_fire,238,238,237
493,arceus_flying,238,238,237
493,arceus_ghost,238,238,237
493,arceus_grass,238,238,237
493,arceus_ground,238,238,237
493,arceus_ice,238,238,237
493,arceus_poison,238,238,237
493,arceus_psychic,238,238,237
493,arceus_rock,238,238,237
493,arceus_steel,238,238,237
493,arceus_water,238,238,237
494,victini,210,210,225
495,snivy,88,107,128
496,servine,122,152,155
497,serperior,161,204,181
498,tepig,115,85,163
499,pignite,173,106,207
500,emboar,235,127,242
501,oshawott,117,85,146
502,dewott,159,116,181
503,samurott,212,157,216
503,samurott_hisuian,218,152,207
504,patrat,98,73,128
504,patrat_shadow,98,73,128
505,watchog,165,139,155
505,watchog_shadow,165,139,155
506,lillipup,107,86,128
507,herdier,145,126,163
508,stoutland,206,182,198
509,purrloin,98,73,121
509,purrloin_shadow,98,73,121
510,liepard,187,106,162
510,liepard_shadow,187,106,162
511,pansage,104,94,137
512,simisage,206,133,181
513,pansear,104,94,137
514,simisear,206,133,181
515,panpour,104,94,137
516,simipour,206,133,181
517,munna,111,92,183
518,musharna,183,166,253
519,pidove,98,80,137
519,pidove_shadow,98,80,137
520,tranquill,144,107,158
520,tranquill_shadow,144,107,158
521,unfezant,226,146,190
521,unfezant_shadow,226,146,190
522,blitzle,118,64,128
522,blitzle_shadow,118,64,128
523,zebstrika,211,136,181
523,zebstrika_shadow,211,136,181
524,roggenrola,121,110,146
525,boldore,174,143,172
526,gigalith,226,201,198
527,woobat,107,85,163
528,swoobat,161,119,167
529,drilbur,154,85,155
529,drilbur_shadow,154,85,155
530,excadrill,255,129,242
530,excadrill_shadow,255,129,242
531,audino,114,163,230
532,timburr,134,87,181
532,timburr_shadow,134,87,181
533,gurdurr,180,134,198
533,gurdurr_shadow,180,134,198
534,conkeldurr,243,158,233
534,conkeldurr_shadow,243,158,233
535,tympole,98,78,137
536,palpitoad,128,109,181
537,seismitoad,188,150,233
538,throh,172,160,260
538,throh_shadow,172,160,260
539,sawk,231,153,181
539,sawk_shadow,231,153,181
540,sewaddle,96,124,128
541,swadloon,115,162,146
542,leavanny,205,165,181
543,venipede,83,99,102
544,whirlipede,100,173,120
545,scolipede,203,175,155
546,cottonee,71,111,120
547,whimsicott,164,176,155
548,petilil,119,91,128
549,lilligant,214,155,172
550,basculin,189,129,172
551,sandile,132,69,137
552,krokorok,155,90,155
553,krookodile,229,158,216
554,darumaka,153,86,172
554,darumaka_galarian,153,86,172
554,darumaka_shadow,153,86,172
555,darmanitan_galarian_zen,323,123,233
555,darmanitan_galarian_standard,263,114,233
555,darmanitan_standard,263,114,233
555,darmanitan_zen,243,202,233
555,darmanitan_standard_shadow,263,114,233
556,maractus,201,130,181
557,dwebble,118,128,137
557,dwebble_shadow,118,128,137
558,crustle,188,200,172
558,crustle_shadow,188,200,172
559,scraggy,132,132,137
560,scrafty,163,222,163
561,sigilyph,204,167,176
562,yamask,95,141,116
562,yamask_galarian,95,141,116
563,cofagrigus,163,237,151
564,tirtouga,134,146,144
564,tirtouga_shadow,134,146,144
565,carracosta,192,197,179
565,carracosta_shadow,192,197,179
566,archen,213,89,146
566,archen_shadow,213,89,146
567,archeops,292,139,181
567,archeops_shadow,292,139,181
568,trubbish,96,122,137
569,garbodor,181,164,190
570,zorua,153,78,120
571,zoroark,250,127,155
572,minccino,98,80,146
573,cinccino,198,130,181
574,gothita,98,112,128
574,gothita_shadow,98,112,128
575,gothorita,137,153,155
575,gothorita_shadow,137,153,155
576,gothitelle,176,205,172
576,gothitelle_shadow,176,205,172
577,solosis,170,83,128
577,solosis_shadow,170,83,128
578,duosion,208,103,163
578,duosion_shadow,208,103,163
579,reuniclus,214,148,242
579,reuniclus_shadow,214,148,242
580,ducklett,84,96,158
580,ducklett_shadow,84,96,158
581,swanna,182,132,181
581,swanna_shadow,182,132,181
582,vanillite,118,106,113
583,vanillish,151,138,139
584,vanilluxe,218,184,174
585,deerling,115,100,155
586,sawsbuck,198,146,190
587,emolga,158,127,146
588,karrablast,137,87,137
589,escavalier,223,187,172
590,foongus,97,91,170
590,foongus_shadow,97,91,170
591,amoonguss,155,139,249
591,amoonguss_shadow,155,139,249
592,frillish,115,134,146
593,jellicent,159,178,225
594,alomomola,138,131,338
595,joltik,110,98,137
595,joltik_shadow,110,98,137
596,galvantula,201,128,172
596,galvantula_shadow,201,128,172
597,ferroseed,82,155,127
597,ferroseed_shadow,82,155,127
598,ferrothorn,158,223,179
598,ferrothorn_shadow,158,223,179
599,klink,98,121,120
600,klang,150,174,155
601,klinklang,199,214,155
602,tynamo,105,78,111
603,eelektrik,156,130,163
604,eelektross,217,152,198
605,elgyem,148,100,146
606,beheeyem,221,163,181
607,litwick,108,98,137
607,litwick_shadow,108,98,137
608,lampent,169,115,155
608,lampent_shadow,169,115,155
609,chandelure,271,182,155
609,chandelure_shadow,271,182,155
610,axew,154,101,130
611,fraxure,212,123,165
612,haxorus,284,172,183
613,cubchoo,128,74,146
614,beartic,233,152,216
615,cryogonal,190,218,190
616,shelmet,72,140,137
617,accelgor,220,120,190
618,stunfisk,144,171,240
618,stunfisk_galarian,144,171,240
619,mienfoo,160,98,128
620,mienshao,258,127,163
621,druddigon,213,170,184
622,golett,127,92,153
622,golett_shadow,127,92,153
623,golurk,222,154,205
623,golurk_shadow,222,154,205
624,pawniard,154,114,128
625,bisharp,232,176,163
626,bouffalant,195,182,216
627,rufflet,150,97,172
628,braviary,232,152,225
628,braviary_hisuian,213,137,242
629,vullaby,105,139,172
630,mandibuzz,129,205,242
631,heatmor,204,129,198
632,durant,217,188,151
633,deino,116,93,141
634,zweilous,159,135,176
635,hydreigon,256,188,211
636,larvesta,156,107,146
637,volcarona,264,189,198
638,cobalion,192,229,209
639,terrakion,260,192,209
640,virizion,192,229,209
641,tornadus_incarnate,266,164,188
641,tornadus_therian,238,189,188
642,thundurus_incarnate,266,164,188
642,thundurus_therian,295,161,188
643,reshiram,275,211,205
644,zekrom,275,211,205
645,landorus_incarnate,261,182,205
645,landorus_therian,289,179,205
646,kyurem,246,170,245
646,kyurem_black,310,183,245
646,kyurem_white,310,183,245
647,keldeo_ordinary,260,192,209
647,keldeo_resolute,260,192,209
648,meloetta_aria,250,225,225
648,meloetta_pirouette,269,188,225
649,genesect,252,199,174
649,genesect_burn,252,199,174
649,genesect_chill,252,199,174
649,genesect_douse,252,199,174
649,genesect_shock,252,199,174
650,chespin,110,106,148
651,quilladin,146,156,156
652,chesnaught,201,204,204
653,fennekin,116,102,120
654,braixen,171,130,153
655,delphox,230,189,181
656,froakie,122,84,121
657,frogadier,168,114,144
658,greninja,223,152,176
659,bunnelby,68,72,116
660,diggersby,112,155,198
661,fletchling,95,80,128
662,fletchinder,145,110,158
663,talonflame,176,155,186
664,scatterbug,63,63,116
665,spewpa,48,89,128
666,vivillon,176,103,190
667,litleo,139,112,158
668,pyroar,221,149,200
669,flabebe,108,120,127
670,floette,136,151,144
671,florges,212,244,186
672,skiddo,123,102,165
673,gogoat,196,146,265
674,pancham,145,107,167
675,pangoro,226,146,216
676,furfrou,164,167,181
677,espurr,120,114,158
678,meowstic_female,166,167,179
678,meowstic,166,167,179
679,honedge,135,139,128
680,doublade,188,206,153
681,aegislash,97,291,155
682,spritzee,110,113,186
683,aromatisse,173,150,226
684,swirlix,109,119,158
685,slurpuff,168,163,193
686,inkay,98,95,142
687,malamar,177,165,200
688,binacle,96,120,123
689,barbaracle,194,205,176
690,skrelp,109,109,137
691,dragalge,177,207,163
692,clauncher,108,117,137
693,clawitzer,221,171,174
694,helioptile,115,78,127
695,heliolisk,219,168,158
696,tyrunt,158,123,151
697,tyrantrum,227,191,193
698,amaura,124,109,184
699,aurorus,186,163,265
700,sylveon,203,205,216
701,hawlucha,195,153,186
702,dedenne,164,134,167
703,carbink,95,285,137
704,goomy,101,112,128
705,sliggoo,159,176,169
706,goodra,220,242,207
707,klefki,160,179,149
708,phantump,125,103,125
709,trevenant,201,154,198
710,pumpkaboo_average,121,123,135
710,pumpkaboo_large,120,122,144
710,pumpkaboo_small,122,124,127
710,pumpkaboo_super,118,120,153
711,gourgeist_average,175,213,163
711,gourgeist_large,179,206,181
711,gourgeist_small,171,219,146
711,gourgeist_super,182,200,198
712,bergmite,117,120,146
713,avalugg,196,240,216
713,avalugg_hisuian,214,238,216
714,noibat,83,73,120
715,noivern,205,175,198
716,xerneas,250,185,246
717,yveltal,250,185,246
718,zygarde_10,205,173,144
718,zygarde,203,232,239
718,zygarde_complete,184,207,389
719,diancie,190,285,137
719,diancie_mega,342,235,137
720,hoopa,261,187,173
720,hoopa_confined,261,187,173
720,hoopa_unbound,311,191,173
721,volcanion,252,216,190
722,rowlet,102,99,169
723,dartrix,142,139,186
724,decidueye,210,179,186
724,decidueye_hisuian,213,174,204
725,litten,128,79,128
726,torracat,174,103,163
727,incineroar,214,175,216
728,popplio,120,103,137
729,brionne,168,145,155
730,primarina,232,195,190
731,pikipek,136,59,111
732,trumbeak,159,100,146
733,toucannon,222,146,190
734,yungoos,122,56,134
735,gumshoos,194,113,204
736,grubbin,115,85,132
737,charjabug,145,161,149
738,vikavolt,254,158,184
739,crabrawler,150,104,132
740,crabominable,231,138,219
741,oricorio_baile,196,145,181
741,oricorio_pau,196,145,181
741,oricorio_pom_pom,196,145,181
741,oricorio_sensu,196,145,181
742,cutiefly,110,81,120
743,ribombee,198,146,155
744,rockruff,117,78,128
745,lycanroc_dusk,234,139,181
745,lycanroc_midday,231,140,181
745,lycanroc_midnight,218,152,198
746,wishiwashi,46,43,128
746,wishiwashi_school,255,242,128
746,wishiwashi_solo,46,43,128
747,mareanie,98,110,137
748,toxapex,114,273,137
749,mudbray,175,121,172
750,mudsdale,214,174,225
751,dewpider,72,117,116
752,araquanid,126,219,169
753,fomantis,100,64,120
754,lurantis,192,169,172
755,morelull,108,119,120
756,shiinotic,154,168,155
757,salandit,136,80,134
758,salazzle,228,130,169
759,stufful,136,95,172
760,bewear,226,141,260
761,bounsweet,55,69,123
762,steenee,78,94,141
763,tsareena,222,195,176
764,comfey,165,215,139
765,oranguru,168,192,207
766,passimian,222,160,225
767,wimpod,67,74,93
768,golisopod,218,226,181
769,sandygast,120,118,146
770,palossand,178,178,198
771,pyukumuku,97,224,146
772,type_null,184,184,216
773,silvally,198,198,216
773,silvally_bug,198,198,216
773,silvally_dark,198,198,216
773,silvally_dragon,198,198,216
773,silvally_electric,198,198,216
773,silvally_fairy,198,198,216
773,silvally_fighting,198,198,216
773,silvally_fire,198,198,216
773,silvally_flying,198,198,216
773,silvally_ghost,198,198,216
773,silvally_grass,198,198,216
773,silvally_ground,198,198,216
773,silvally_ice,198,198,216
773,silvally_poison,198,198,216
773,silvally_psychic,198,198,216
773,silvally_rock,198,198,216
773,silvally_steel,198,198,216
773,silvally_water,198,198,216
774,minior_core,218,131,155
774,minior_meteor,116,194,155
775,komala,216,165,163
776,turtonator,165,215,155
777,togedemaru,190,145,163
778,mimikyu,177,199,146
779,bruxish,208,145,169
780,drampa,231,164,186
781,dhelmise,233,179,172
782,jangmo_o,102,108,128
783,hakamo_o,145,162,146
784,kommo_o,222,240,181
785,tapu_koko,250,181,172
786,tapu_lele,259,208,172
787,tapu_bulu,249,215,172
788,tapu_fini,189,254,172
789,cosmog,54,57,125
790,cosmoem,54,242,125
791,solgaleo,255,191,264
792,lunala,255,191,264
793,nihilego,249,210,240
794,buzzwole,236,196,216
795,pheromosa,316,85,174
796,xurkitree,330,144,195
797,celesteela,207,199,219
798,kartana,323,182,139
799,guzzlord,188,99,440
800,necrozma,251,195,219
800,necrozma_dawn_wings,277,220,200
800,necrozma_dusk_mane,277,220,200
800,necrozma_ultra,337,196,200
801,magearna,246,225,190
802,marshadow,265,190,207
803,poipole,145,133,167
804,naganadel,263,159,177
805,stakataka,213,298,156
806,blacephalon,315,148,142
807,zeraora,252,177,204
808,meltan,118,99,130
809,melmetal,226,190,264
810,grookey,122,91,137
811,thwackey,165,134,172
812,rillaboom,239,168,225
813,scorbunny,132,79,137
814,raboot,170,125,163
815,cinderace,238,163,190
816,sobble,132,79,137
817,drizzile,186,113,163
818,inteleon,262,142,172
819,skwovet,95,86,172
820,greedent,160,156,260
821,rookidee,88,67,116
822,corvisquire,129,110,169
823,corviknight,163,192,221
824,blipbug,46,67,93
825,dottler,87,157,137
826,orbeetle,156,240,155
827,nickit,85,82,120
828,thievul,172,164,172
829,gossifleur,70,104,120
830,eldegoss,148,211,155
831,wooloo,76,97,123
832,dubwool,159,198,176
833,chewtle,114,85,137
834,drednaw,213,164,207
835,yamper,80,90,153
836,boltund,197,131,170
837,rolycoly,73,91,102
838,carkol,114,157,190
839,coalossal,146,198,242
840,applin,71,116,120
841,flapple,214,144,172
842,appletun,178,146,242
843,silicobra,103,123,141
844,sandaconda,202,207,176
845,cramorant,173,163,172
846,arrokuda,118,72,121
847,barraskewda,258,127,156
848,toxel,97,65,120
849,toxtricity,224,140,181
849,toxtricity_amped,224,140,181
849,toxtricity_low_key,224,140,181
850,sizzlipede,118,90,137
851,centiskorch,220,158,225
852,clobbopus,121,103,137
853,grapploct,209,162,190
854,sinistea,134,96,120
854,sinistea_antique,134,96,120
854,sinistea_phony,134,96,120
855,polteageist,248,189,155
855,polteageist_antique,248,189,155
855,polteageist_phony,248,189,155
856,hatenna,98,93,123
857,hattrem,153,133,149
858,hatterene,237,182,149
859,impidimp,103,69,128
860,morgrem,145,102,163
861,grimmsnarl,227,139,216
862,obstagoon,180,194,212
863,perrserker,195,162,172
864,cursola,253,182,155
865,sirfetchd,248,176,158
866,mr_rime,212,179,190
867,runerigus,163,237,151
868,milcery,90,97,128
869,alcremie,203,203,163
870,falinks,193,170,163
871,pincurchin,176,161,134
872,snom,76,59,102
873,frosmoth,230,155,172
874,stonjourner,222,182,225
875,eiscue,148,195,181
875,eiscue_ice,148,195,181
875,eiscue_noice,173,139,181
876,indeedee,208,166,155
876,indeedee_female,184,184,172
876,indeedee_male,208,166,155
877,morpeko,192,121,151
877,morpeko_full_belly,192,121,151
877,morpeko_hangry,192,121,151
878,cufant,140,91,176
879,copperajah,226,126,263
880,dracozolt,195,165,207
881,arctozolt,190,166,207
882,dracovish,175,185,207
883,arctovish,171,185,207
884,duraludon,239,185,172
885,dreepy,117,61,99
886,drakloak,163,105,169
887,dragapult,266,170,204
888,zacian,254,236,192
888,zacian_crowned_sword,332,240,192
888,zacian_hero,254,236,192
889,zamazenta,254,236,192
889,zamazenta_crowned_shield,250,292,192
889,zamazenta_hero,254,236,192
890,eternatus,278,192,268
890,eternatus_eternamax,251,505,452
891,kubfu,170,112,155
892,urshifu,254,177,225
892,urshifu_rapid_strike,254,177,225
892,urshifu_single_strike,254,177,225
893,zarude,242,215,233
894,regieleki,250,125,190
895,regidrago,202,101,400
896,glastrier,246,223,225
897,spectrier,273,146,205
898,calyrex,162,162,225
898,calyrex_ice_rider,268,246,205
899,wyrdeer,206,145,230
900,kleavor,253,174,172
901,ursaluna,243,181,277
901,ursaluna_shadow,243,181,277
902,basculegion_female,199,144,260
902,basculegion_male,217,144,260
903,sneasler,259,158,190
903,sneasler_shadow,259,158,190
904,overqwil,222,171,198
905,enamorus_incarnate,281,162,179
905,enamorus_therian,250,201,179
906,sprigatito,116,99,120
907,floragato,157,128,156
908,meowscarada,233,153,183
909,fuecoco,112,96,167
910,crocalor,162,134,191
911,skeledirge,207,178,232
912,quaxly,120,86,146
913,quaxwell,162,123,172
914,quaquaval,236,159,198
915,lechonk,81,79,144
916,oinkologne,186,153,242
916,oinkologne_female,169,162,251
917,tarountula,70,77,111
918,spidops,139,166,155
919,nymble,81,65,107
920,lokix,199,144,174
921,pawmi,95,45,128
922,pawmo,147,82,155
923,pawmot,232,141,172
924,tandemaus,98,90,137
925,maushold,159,157,179
925,maushold_family_of_four,159,157,179
925,maushold_family_of_three,159,157,179
926,fidough,102,126,114
927,dachsbun,159,212,149
928,smoliv,100,89,121
929,dolliv,137,131,141
930,arboliva,219,189,186
931,squawkabilly,185,105,193
931,squawkabilly_blue,185,105,193
931,squawkabilly_green,185,105,193
931,squawkabilly_white,185,105,193
931,squawkabilly_yellow,185,105,193
932,nacli,95,108,146
933,naclstack,105,160,155
934,garganacl,171,212,225
935,charcadet,92,74,120
936,armarouge,234,185,198
937,ceruledge,239,189,181
938,tadbulb,104,73,156
939,bellibolt,184,165,240
940,wattrel,105,75,120
941,kilowattrel,221,132,172
942,maschiff,140,108,155
943,mabosstiff,230,168,190
944,shroodle,124,70,120
945,grafaiai,199,149,160
946,bramblin,121,64,120
947,brambleghast,228,144,146
948,toedscool,97,149,120
949,toedscruel,166,209,190
950,klawf,184,185,172
951,capsakid,118,76,137
952,scovillain,216,130,163
953,rellor,86,108,121
954,rabsca,201,178,181
955,flittle,105,60,102
956,espathra,204,127,216
957,tinkatink,85,110,137
958,tinkatuff,109,145,163
959,tinkaton,155,196,198
960,wiglett,109,52,67
961,wugtrio,205,136,111
962,bombirdier,198,172,172
963,finizen,90,80,172
964,palafin,143,144,225
964,palafin_hero,322,196,225
964,palafin_zero,143,144,225
965,varoom,123,107,128
966,revavroom,229,168,190
967,cyclizar,205,142,172
968,orthworm,161,219,172
969,glimmet,187,104,134
970,glimmora,246,177,195
971,greavard,105,106,137
972,houndstone,186,195,176
973,flamigo,227,145,193
974,cetoddle,119,80,239
975,cetitan,208,123,347
976,veluza,196,139,207
977,dondozo,176,178,312
978,tatsugiri,226,166,169
978,tatsugiri_curly,226,166,169
978,tatsugiri_droopy,226,166,169
978,tatsugiri_stretchy,226,166,169
979,annihilape,220,178,242
980,clodsire,127,151,277
981,farigiraf,209,136,260
982,dudunsparce,188,150,268
982,dudunsparce_three,188,150,268
982,dudunsparce_two,188,150,268
983,kingambit,238,203,225
984,greattusk,249,209,251
985,screamtail,139,234,251
986,brutebonnet,232,190,244
987,fluttermane,280,235,146
988,slitherwing,261,193,198
989,sandyshocks,244,195,198
990,irontreads,227,216,207
991,ironbundle,266,211,148
992,ironhands,245,177,319
993,ironjugulis,249,179,214
994,ironmoth,281,196,190
995,ironthorns,250,200,225
996,frigibax,134,86,163
997,arctibax,173,128,207
998,baxcalibur,254,168,229
999,gimmighoul,140,76,128
1000,gholdengo,252,190,202
1001,wo_chien,186,242,198
1002,chien_pao,261,167,190
1003,ting_lu,194,203,321
1004,chi_yu,269,221,146
1005,roaringmoon,280,196,233
1006,ironvaliant,279,171,179
1007,koraidon,263,223,205
1007,koraidon_apex,263,223,205
1008,miraidon,263,223,205
1008,miraidon_ultimate,263,223,205
