name,nameZH
bulbasaur,妙蛙種子
bulbasaur_shadow,妙蛙種子 暗影
ivysaur,妙蛙草
ivysaur_shadow,妙蛙草 暗影
venusaur,妙蛙花
venusaur_mega,妙蛙花 超級
venusaur_shadow,妙蛙花 暗影
charmander,小火龍
charmander_shadow,小火龍 暗影
charmeleon,火恐龍
charmeleon_shadow,火恐龍 暗影
charizard,噴火龍
charizard_mega_x,噴火龍 超級x
charizard_mega_y,噴火龍 超級y
charizard_shadow,噴火龍 暗影
squirtle,傑尼龜
squirtle_shadow,傑尼龜 暗影
wartortle,卡咪龜
wartortle_shadow,卡咪龜 暗影
blastoise,水箭龜
blastoise_mega,水箭龜 超級
blastoise_shadow,水箭龜 暗影
caterpie,綠毛蟲
metapod,鐵甲蛹
butterfree,巴大蝶
weedle,獨角蟲
weedle_shadow,獨角蟲 暗影
kakuna,鐵殼蛹
kakuna_shadow,鐵殼蛹 暗影
beedrill,大針蜂
beedrill_mega,大針蜂 超級
beedrill_shadow,大針蜂 暗影
pidgey,波波
pidgey_shadow,波波 暗影
pidgeotto,比比鳥
pidgeotto_shadow,比比鳥 暗影
pidgeot,大比鳥
pidgeot_mega,大比鳥 超級
pidgeot_shadow,大比鳥 暗影
rattata,小拉達
rattata_alolan,小拉達 阿羅拉
rattata_shadow,小拉達 暗影
rattata_alolan_shadow,小拉達 阿羅拉 暗影
raticate,拉達
raticate_alolan,拉達 阿羅拉
raticate_shadow,拉達 暗影
raticate_alolan_shadow,拉達 阿羅拉 暗影
spearow,烈雀
fearow,大嘴雀
ekans,阿柏蛇
ekans_shadow,阿柏蛇 暗影
arbok,阿柏怪
arbok_shadow,阿柏怪 暗影
pikachu,皮卡丘
pikachu_5th_anniversary,皮卡丘 五周年
pikachu_flying,皮卡丘 飛翔
pikachu_horizons,皮卡丘 地平線
pikachu_kariyushi,皮卡丘 沖繩
pikachu_libre,皮卡丘 面罩摔角手
pikachu_pop_star,皮卡丘 偶像
pikachu_rock_star,皮卡丘 硬搖滾
pikachu_shaymin,皮卡丘 謝米圍巾
raichu,雷丘
raichu_alolan,雷丘 阿羅拉
sandshrew,穿山鼠
sandshrew_alolan,穿山鼠 阿羅拉
sandshrew_shadow,穿山鼠 暗影
sandshrew_alolan_shadow,穿山鼠 阿羅拉 暗影
sandslash,穿山王
sandslash_alolan,穿山王 阿羅拉
sandslash_shadow,穿山王 暗影
sandslash_alolan_shadow,穿山王 阿羅拉 暗影
nidoran_female,尼多蘭
nidoran_female_shadow,尼多蘭 暗影
nidorina,尼多娜
nidorina_shadow,尼多娜 暗影
nidoqueen,尼多后
nidoqueen_shadow,尼多后 暗影
nidoran_male,尼多朗
nidoran_male_shadow,尼多朗 暗影
nidorino,尼多力諾
nidorino_shadow,尼多力諾 暗影
nidoking,尼多王
nidoking_shadow,尼多王 暗影
clefairy,皮皮
clefable,皮可西
vulpix,六尾
vulpix_alolan,六尾 阿羅拉
vulpix_shadow,六尾 暗影
vulpix_alolan_shadow,六尾 阿羅拉 暗影
ninetales,九尾
ninetales_alolan,九尾 阿羅拉
ninetales_shadow,九尾 暗影
ninetales_alolan_shadow,九尾 阿羅拉 暗影
jigglypuff,胖丁
wigglytuff,胖可丁
zubat,超音蝠
zubat_shadow,超音蝠 暗影
golbat,大嘴蝠
golbat_shadow,大嘴蝠 暗影
oddish,走路草
oddish_shadow,走路草 暗影
gloom,臭臭花
gloom_shadow,臭臭花 暗影
vileplume,霸王花
vileplume_shadow,霸王花 暗影
paras,派拉斯
parasect,派拉斯特
venonat,毛球
venonat_shadow,毛球 暗影
venomoth,摩魯蛾
venomoth_shadow,摩魯蛾 暗影
diglett,地鼠
diglett_alolan,地鼠 阿羅拉
diglett_shadow,地鼠 暗影
diglett_alolan_shadow,地鼠 阿羅拉 暗影
dugtrio,三地鼠
dugtrio_alolan,三地鼠 阿羅拉
dugtrio_shadow,三地鼠 暗影
dugtrio_alolan_shadow,三地鼠 阿羅拉 暗影
meowth,喵喵
meowth_alolan,喵喵 阿羅拉
meowth_galarian,喵喵 伽勒爾
meowth_shadow,喵喵 暗影
persian,貓老大
persian_alolan,貓老大 阿羅拉
persian_shadow,貓老大 暗影
psyduck,可達鴨
psyduck_shadow,可達鴨 暗影
golduck,哥達鴨
golduck_shadow,哥達鴨 暗影
mankey,猴怪
primeape,火爆猴
growlithe,卡蒂狗
growlithe_hisuian,卡蒂狗 洗翠
growlithe_shadow,卡蒂狗 暗影
arcanine,風速狗
arcanine_hisuian,風速狗 洗翠
arcanine_shadow,風速狗 暗影
poliwag,蚊香蝌蚪
poliwag_shadow,蚊香蝌蚪 暗影
poliwhirl,蚊香君
poliwhirl_shadow,蚊香君 暗影
poliwrath,蚊香泳士
poliwrath_shadow,蚊香泳士 暗影
abra,凱西
abra_shadow,凱西 暗影
kadabra,勇基拉
kadabra_shadow,勇基拉 暗影
alakazam,胡地
alakazam_mega,胡地 超級
alakazam_shadow,胡地 暗影
machop,腕力
machop_shadow,腕力 暗影
machoke,豪力
machoke_shadow,豪力 暗影
machamp,怪力
machamp_shadow,怪力 暗影
bellsprout,喇叭芽
bellsprout_shadow,喇叭芽 暗影
weepinbell,口呆花
weepinbell_shadow,口呆花 暗影
victreebel,大食花
victreebel_shadow,大食花 暗影
tentacool,瑪瑙水母
tentacool_shadow,瑪瑙水母 暗影
tentacruel,毒刺水母
tentacruel_shadow,毒刺水母 暗影
geodude,小拳石
geodude_alolan,小拳石 阿羅拉
geodude_shadow,小拳石 暗影
geodude_alolan_shadow,小拳石 阿羅拉 暗影
graveler,隆隆石
graveler_alolan,隆隆石 阿羅拉
graveler_shadow,隆隆石 暗影
graveler_alolan_shadow,隆隆石 阿羅拉 暗影
golem,隆隆岩
golem_alolan,隆隆岩 阿羅拉
golem_shadow,隆隆岩 暗影
golem_alolan_shadow,隆隆岩 阿羅拉 暗影
ponyta,小火馬
ponyta_galarian,小火馬 伽勒爾
rapidash,烈焰馬
rapidash_galarian,烈焰馬 伽勒爾
slowpoke,呆呆獸
slowpoke_galarian,呆呆獸 伽勒爾
slowpoke_shadow,呆呆獸 暗影
slowbro,呆殼獸
slowbro_galarian,呆殼獸 伽勒爾
slowbro_mega,呆殼獸 超級
slowbro_shadow,呆殼獸 暗影
magnemite,小磁怪
magnemite_shadow,小磁怪 暗影
magneton,三合一磁怪
magneton_shadow,三合一磁怪 暗影
farfetchd,大蔥鴨
farfetchd_galarian,大蔥鴨 伽勒爾
doduo,嘟嘟
dodrio,嘟嘟利
seel,小海獅
dewgong,白海獅
grimer,臭泥
grimer_alolan,臭泥 阿羅拉
grimer_shadow,臭泥 暗影
grimer_alolan_shadow,臭泥 阿羅拉 暗影
muk,臭臭泥
muk_alolan,臭臭泥 阿羅拉
muk_shadow,臭臭泥 暗影
muk_alolan_shadow,臭臭泥 阿羅拉 暗影
shellder,大舌貝
shellder_shadow,大舌貝 暗影
cloyster,刺甲貝
cloyster_shadow,刺甲貝 暗影
gastly,鬼斯
gastly_shadow,鬼斯 暗影
haunter,鬼斯通
haunter_shadow,鬼斯通 暗影
gengar,耿鬼
gengar_mega,耿鬼 超級
gengar_shadow,耿鬼 暗影
onix,大岩蛇
onix_shadow,大岩蛇 暗影
drowzee,催眠貘
drowzee_shadow,催眠貘 暗影
hypno,引夢貘人
hypno_shadow,引夢貘人 暗影
krabby,大鉗蟹
kingler,巨鉗蟹
voltorb,霹靂電球
voltorb_hisuian,霹靂電球 洗翠
voltorb_shadow,霹靂電球 暗影
electrode,頑皮雷彈
electrode_hisuian,頑皮雷彈 洗翠
electrode_shadow,頑皮雷彈 暗影
exeggcute,蛋蛋
exeggcute_shadow,蛋蛋 暗影
exeggutor,椰蛋樹
exeggutor_alolan,椰蛋樹 阿羅拉
exeggutor_shadow,椰蛋樹 暗影
exeggutor_alolan_shadow,椰蛋樹 阿羅拉 暗影
cubone,卡拉卡拉
cubone_shadow,卡拉卡拉 暗影
marowak,嘎啦嘎啦
marowak_alolan,嘎啦嘎啦 阿羅拉
marowak_shadow,嘎啦嘎啦 暗影
marowak_alolan_shadow,嘎啦嘎啦 阿羅拉 暗影
hitmonlee,飛腿郎
hitmonlee_shadow,飛腿郎 暗影
hitmonchan,快拳郎
hitmonchan_shadow,快拳郎 暗影
lickitung,大舌頭
koffing,瓦斯彈
koffing_shadow,瓦斯彈 暗影
weezing,雙彈瓦斯
weezing_galarian,雙彈瓦斯 伽勒爾
weezing_shadow,雙彈瓦斯 暗影
rhyhorn,獨角犀牛
rhyhorn_shadow,獨角犀牛 暗影
rhydon,鑽角犀獸
rhydon_shadow,鑽角犀獸 暗影
chansey,吉利蛋
tangela,蔓藤怪
tangela_shadow,蔓藤怪 暗影
kangaskhan,袋獸
kangaskhan_mega,袋獸 超級
horsea,墨海馬
horsea_shadow,墨海馬 暗影
seadra,海刺龍
seadra_shadow,海刺龍 暗影
goldeen,角金魚
seaking,金魚王
staryu,海星星
starmie,寶石海星
mr_mime,魔牆人偶
mr_mime_galarian,魔牆人偶 伽勒爾
scyther,飛天螳螂
scyther_shadow,飛天螳螂 暗影
jynx,迷唇姐
electabuzz,電擊獸
electabuzz_shadow,電擊獸 暗影
magmar,鴨嘴火獸
magmar_shadow,鴨嘴火獸 暗影
pinsir,凱羅斯
pinsir_mega,凱羅斯 超級
pinsir_shadow,凱羅斯 暗影
tauros,肯泰羅
magikarp,鯉魚王
magikarp_shadow,鯉魚王 暗影
gyarados,暴鯉龍
gyarados_mega,暴鯉龍 超級
gyarados_shadow,暴鯉龍 暗影
lapras,拉普拉斯
lapras_shadow,拉普拉斯 暗影
ditto,百變怪
eevee,伊布
vaporeon,水伊布
jolteon,雷伊布
flareon,火伊布
porygon,多邊獸
porygon_shadow,多邊獸 暗影
omanyte,菊石獸
omanyte_shadow,菊石獸 暗影
omastar,多刺菊石獸
omastar_shadow,多刺菊石獸 暗影
kabuto,化石盔
kabutops,鐮刀盔
aerodactyl,化石翼龍
aerodactyl_mega,化石翼龍 超級
aerodactyl_shadow,化石翼龍 暗影
snorlax,卡比獸
snorlax_shadow,卡比獸 暗影
articuno,急凍鳥
articuno_galarian,急凍鳥 伽勒爾
articuno_shadow,急凍鳥 暗影
zapdos,閃電鳥
zapdos_galarian,閃電鳥 伽勒爾
zapdos_shadow,閃電鳥 暗影
moltres,火焰鳥
moltres_galarian,火焰鳥 伽勒爾
moltres_shadow,火焰鳥 暗影
dratini,迷你龍
dratini_shadow,迷你龍 暗影
dragonair,哈克龍
dragonair_shadow,哈克龍 暗影
dragonite,快龍
dragonite_shadow,快龍 暗影
mewtwo,超夢
mewtwo_armored,超夢 裝甲
mewtwo_shadow,超夢 暗影
mew,夢幻
chikorita,菊草葉
chikorita_shadow,菊草葉 暗影
bayleef,月桂葉
bayleef_shadow,月桂葉 暗影
meganium,大竺葵
meganium_shadow,大竺葵 暗影
cyndaquil,火球鼠
cyndaquil_shadow,火球鼠 暗影
quilava,火岩鼠
quilava_shadow,火岩鼠 暗影
typhlosion,火爆獸
typhlosion_hisuian,火爆獸 洗翠
typhlosion_shadow,火爆獸 暗影
totodile,小鋸鱷
totodile_shadow,小鋸鱷 暗影
croconaw,藍鱷
croconaw_shadow,藍鱷 暗影
feraligatr,大力鱷
feraligatr_shadow,大力鱷 暗影
sentret,尾立
furret,大尾立
hoothoot,咕咕
noctowl,貓頭夜鷹
ledyba,芭瓢蟲
ledyba_shadow,芭瓢蟲 暗影
ledian,安瓢蟲
ledian_shadow,安瓢蟲 暗影
spinarak,圓絲蛛
ariados,阿利多斯
crobat,叉字蝠
crobat_shadow,叉字蝠 暗影
chinchou,燈籠魚
lanturn,電燈怪
lanturnw,電燈怪
pichu,皮丘
cleffa,皮寶寶
igglybuff,寶寶丁
togepi,波克比
togetic,波克基古
natu,天然雀
natu_shadow,天然雀 暗影
xatu,天然鳥
xatu_shadow,天然鳥 暗影
mareep,咩利羊
mareep_shadow,咩利羊 暗影
flaaffy,茸茸羊
flaaffy_shadow,茸茸羊 暗影
ampharos,電龍
ampharos_mega,電龍 超級
ampharos_shadow,電龍 暗影
bellossom,美麗花
bellossom_shadow,美麗花 暗影
marill,瑪力露
azumarill,瑪力露麗
sudowoodo,樹才怪
sudowoodo_shadow,樹才怪 暗影
politoed,蚊香蛙皇
politoed_shadow,蚊香蛙皇 暗影
hoppip,毽子草
hoppip_shadow,毽子草 暗影
skiploom,毽子花
skiploom_shadow,毽子花 暗影
jumpluff,毽子棉
jumpluff_shadow,毽子棉 暗影
aipom,長尾怪手
aipom_shadow,長尾怪手 暗影
sunkern,向日種子
sunflora,向日花怪
yanma,蜻蜻蜓
wooper,烏波
wooper_paldean,烏波 帕底亞
wooper_shadow,烏波 暗影
quagsire,沼王
quagsire_shadow,沼王 暗影
espeon,太陽伊布
umbreon,月亮伊布
murkrow,黑暗鴉
murkrow_shadow,黑暗鴉 暗影
slowking,呆呆王
slowking_galarian,呆呆王 伽勒爾
slowking_shadow,呆呆王 暗影
misdreavus,夢妖
misdreavus_shadow,夢妖 暗影
unown,未知圖騰
wobbuffet,果然翁
wobbuffet_shadow,果然翁 暗影
girafarig,麒麟奇
girafarig_shadow,麒麟奇 暗影
pineco,榛果球
pineco_shadow,榛果球 暗影
forretress,佛烈托斯
forretress_shadow,佛烈托斯 暗影
dunsparce,土龍弟弟
gligar,天蠍
gligar_shadow,天蠍 暗影
steelix,大鋼蛇
steelix_mega,大鋼蛇 超級
steelix_shadow,大鋼蛇 暗影
snubbull,布魯
snubbull_shadow,布魯 暗影
granbull,布魯皇
granbull_shadow,布魯皇 暗影
qwilfish,千針魚
qwilfish_hisuian,千針魚 洗翠
scizor,巨鉗螳螂
scizor_mega,巨鉗螳螂 超級
scizor_shadow,巨鉗螳螂 暗影
shuckle,壺壺
shuckle_shadow,壺壺 暗影
heracross,赫拉克羅斯
heracross_mega,赫拉克羅斯 超級
sneasel,狃拉
sneasel_hisuian,狃拉 洗翠
sneasel_shadow,狃拉 暗影
sneasel_hisuian_shadow,狃拉 洗翠 暗影
teddiursa,熊寶寶
teddiursa_shadow,熊寶寶 暗影
ursaring,圈圈熊
ursaring_shadow,圈圈熊 暗影
slugma,熔岩蟲
magcargo,熔岩蝸牛
swinub,小山豬
swinub_shadow,小山豬 暗影
piloswine,長毛豬
piloswine_shadow,長毛豬 暗影
corsola,太陽珊瑚
remoraid,鐵炮魚
octillery,章魚桶
delibird,信使鳥
delibird_shadow,信使鳥 暗影
mantine,巨翅飛魚
skarmory,盔甲鳥
skarmory_shadow,盔甲鳥 暗影
houndour,戴魯比
houndour_shadow,戴魯比 暗影
houndoom,黑魯加
houndoom_mega,黑魯加 超級
houndoom_shadow,黑魯加 暗影
kingdra,刺龍王
kingdra_shadow,刺龍王 暗影
phanpy,小小象
phanpy_shadow,小小象 暗影
donphan,頓甲
donphan_shadow,頓甲 暗影
porygon2,多邊獸2
porygon2_shadow,多邊獸2 暗影
stantler,驚角鹿
stantler_shadow,驚角鹿 暗影
smeargle,圖圖犬
tyrogue,無畏小子
hitmontop,戰舞郎
hitmontop_shadow,戰舞郎 暗影
smoochum,迷唇娃
elekid,電擊怪
magby,鴨嘴寶寶
miltank,大奶罐
blissey,幸福蛋
raikou,雷公
raikou_shadow,雷公 暗影
entei,炎帝
entei_shadow,炎帝 暗影
suicune,水君
suicune_shadow,水君 暗影
larvitar,幼基拉斯
larvitar_shadow,幼基拉斯 暗影
pupitar,沙基拉斯
pupitar_shadow,沙基拉斯 暗影
tyranitar,班基拉斯
tyranitar_mega,班基拉斯 超級
tyranitar_shadow,班基拉斯 暗影
lugia,洛奇亞
lugia_shadow,洛奇亞 暗影
ho_oh,鳳王
ho_oh_shadow,鳳王 暗影
celebi,時拉比
treecko,木守宮
treecko_shadow,木守宮 暗影
grovyle,森林蜥蜴
grovyle_shadow,森林蜥蜴 暗影
sceptile,蜥蜴王
sceptile_mega,蜥蜴王 超級
sceptile_shadow,蜥蜴王 暗影
torchic,火稚雞
torchic_shadow,火稚雞 暗影
combusken,力壯雞
combusken_shadow,力壯雞 暗影
blaziken,火焰雞
blaziken_mega,火焰雞 超級
blaziken_shadow,火焰雞 暗影
mudkip,水躍魚
mudkip_shadow,水躍魚 暗影
marshtomp,沼躍魚
marshtomp_shadow,沼躍魚 暗影
swampert,巨沼怪
swampert_mega,巨沼怪 超級
swampert_shadow,巨沼怪 暗影
poochyena,土狼犬
poochyena_shadow,土狼犬 暗影
mightyena,大狼犬
mightyena_shadow,大狼犬 暗影
zigzagoon,蛇紋熊
zigzagoon_galarian,蛇紋熊 伽勒爾
linoone,直衝熊
linoone_galarian,直衝熊 伽勒爾
wurmple,刺尾蟲
silcoon,甲殼繭
beautifly,狩獵鳳蝶
cascoon,盾甲繭
dustox,毒粉蛾
lotad,蓮葉童子
lombre,蓮帽小童
ludicolo,樂天河童
seedot,橡實果
seedot_shadow,橡實果 暗影
nuzleaf,長鼻葉
nuzleaf_shadow,長鼻葉 暗影
shiftry,狡猾天狗
shiftry_shadow,狡猾天狗 暗影
taillow,傲骨燕
swellow,大王燕
wingull,長翅鷗
pelipper,大嘴鷗
ralts,拉魯拉絲
ralts_shadow,拉魯拉絲 暗影
kirlia,奇魯莉安
kirlia_shadow,奇魯莉安 暗影
gardevoir,沙奈朵
gardevoir_mega,沙奈朵 超級
gardevoir_shadow,沙奈朵 暗影
surskit,溜溜糖球
masquerain,雨翅蛾
shroomish,蘑蘑菇
breloom,斗笠菇
slakoth,懶人獺
vigoroth,過動猿
slaking,請假王
nincada,土居忍士
ninjask,鐵面忍者
shedinja,脫殼忍者
whismur,咕妞妞
whismur_shadow,咕妞妞 暗影
loudred,吼爆彈
loudred_shadow,吼爆彈 暗影
exploud,爆音怪
exploud_shadow,爆音怪 暗影
makuhita,幕下力士
makuhita_shadow,幕下力士 暗影
hariyama,鐵掌力士
hariyama_shadow,鐵掌力士 暗影
azurill,露力麗
nosepass,朝北鼻
nosepass_shadow,朝北鼻 暗影
skitty,向尾喵
delcatty,優雅貓
sableye,勾魂眼
sableye_mega,勾魂眼 超級
sableye_shadow,勾魂眼 暗影
mawile,大嘴娃
mawile_shadow,大嘴娃 暗影
aron,可可多拉
aron_shadow,可可多拉 暗影
lairon,可多拉
lairon_shadow,可多拉 暗影
aggron,波士可多拉
aggron_mega,波士可多拉 超級
aggron_shadow,波士可多拉 暗影
meditite,瑪沙那
medicham,恰雷姆
medicham_mega,恰雷姆 超級
electrike,落雷獸
electrike_shadow,落雷獸 暗影
manectric,雷電獸
manectric_mega,雷電獸 超級
manectric_shadow,雷電獸 暗影
plusle,正電拍拍
minun,負電拍拍
volbeat,電螢蟲
illumise,甜甜螢
roselia,毒薔薇
gulpin,溶食獸
swalot,吞食獸
carvanha,利牙魚
carvanha_shadow,利牙魚 暗影
sharpedo,巨牙鯊
sharpedo_shadow,巨牙鯊 暗影
wailmer,吼吼鯨
wailmer_shadow,吼吼鯨 暗影
wailord,吼鯨王
wailord_shadow,吼鯨王 暗影
numel,呆火駝
numel_shadow,呆火駝 暗影
camerupt,噴火駝
camerupt_shadow,噴火駝 暗影
torkoal,煤炭龜
spoink,跳跳豬
spoink_shadow,跳跳豬 暗影
grumpig,噗噗豬
grumpig_shadow,噗噗豬 暗影
spinda,晃晃斑
trapinch,大顎蟻
trapinch_shadow,大顎蟻 暗影
vibrava,超音波幼蟲
vibrava_shadow,超音波幼蟲 暗影
flygon,沙漠蜻蜓
flygon_shadow,沙漠蜻蜓 暗影
cacnea,刺球仙人掌
cacnea_shadow,刺球仙人掌 暗影
cacturne,夢歌仙人掌
cacturne_shadow,夢歌仙人掌 暗影
swablu,青綿鳥
altaria,七夕青鳥
altaria_mega,七夕青鳥 超級
zangoose,貓鼬斬
seviper,飯匙蛇
lunatone,月石
solrock,太陽岩
barboach,泥泥鰍
barboach_shadow,泥泥鰍 暗影
whiscash,鯰魚王
whiscash_shadow,鯰魚王 暗影
corphish,龍蝦小兵
corphish_shadow,龍蝦小兵 暗影
crawdaunt,鐵螯龍蝦
crawdaunt_shadow,鐵螯龍蝦 暗影
baltoy,天秤偶
claydol,念力土偶
lileep,觸手百合
lileep_shadow,觸手百合 暗影
cradily,搖籃百合
cradily_shadow,搖籃百合 暗影
anorith,太古羽蟲
anorith_shadow,太古羽蟲 暗影
armaldo,太古盔甲
armaldo_shadow,太古盔甲 暗影
feebas,醜醜魚
milotic,美納斯
castform,飄浮泡泡
castform_rainy,飄浮泡泡 雨水
castform_snowy,飄浮泡泡 雪雲
castform_sunny,飄浮泡泡 太陽
kecleon,變隱龍
shuppet,怨影娃娃
shuppet_shadow,怨影娃娃 暗影
banette,詛咒娃娃
banette_mega,詛咒娃娃 超級
banette_shadow,詛咒娃娃 暗影
duskull,夜巡靈
duskull_shadow,夜巡靈 暗影
dusclops,彷徨夜靈
dusclops_shadow,彷徨夜靈 暗影
tropius,熱帶龍
chimecho,風鈴鈴
absol,阿勃梭魯
absol_mega,阿勃梭魯 超級
absol_shadow,阿勃梭魯 暗影
wynaut,小果然
snorunt,雪童子
snorunt_shadow,雪童子 暗影
glalie,冰鬼護
glalie_mega,冰鬼護 超級
glalie_shadow,冰鬼護 暗影
spheal,海豹球
spheal_shadow,海豹球 暗影
sealeo,海魔獅
sealeo_shadow,海魔獅 暗影
walrein,帝牙海獅
walrein_shadow,帝牙海獅 暗影
clamperl,珍珠貝
huntail,獵斑魚
gorebyss,櫻花魚
relicanth,古空棘魚
luvdisc,愛心魚
bagon,寶貝龍
bagon_shadow,寶貝龍 暗影
shelgon,甲殼龍
shelgon_shadow,甲殼龍 暗影
salamence,暴飛龍
salamence_mega,暴飛龍 超級
salamence_shadow,暴飛龍 暗影
beldum,鐵啞鈴
beldum_shadow,鐵啞鈴 暗影
metang,金屬怪
metang_shadow,金屬怪 暗影
metagross,巨金怪
metagross_shadow,巨金怪 暗影
regirock,雷吉洛克
regirock_shadow,雷吉洛克 暗影
regice,雷吉艾斯
regice_shadow,雷吉艾斯 暗影
registeel,雷吉斯奇魯
registeel_shadow,雷吉斯奇魯 暗影
latias,拉帝亞斯
latias_mega,拉帝亞斯 超級
latias_shadow,拉帝亞斯 暗影
latios,拉帝歐斯
latios_mega,拉帝歐斯 超級
latios_shadow,拉帝歐斯 暗影
kyogre,蓋歐卡
kyogre_primal,蓋歐卡 原始
kyogre_shadow,蓋歐卡 暗影
groudon,固拉多
groudon_primal,固拉多 原始
groudon_shadow,固拉多 暗影
rayquaza,烈空坐
rayquaza_mega,烈空坐 超級
jirachi,基拉祈
deoxys,代歐奇希斯
deoxys_attack,代歐奇希斯 攻擊
deoxys_defense,代歐奇希斯 防禦
deoxys_speed,代歐奇希斯 速度
turtwig,草苗龜
turtwig_shadow,草苗龜 暗影
grotle,樹林龜
grotle_shadow,樹林龜 暗影
torterra,土台龜
torterra_shadow,土台龜 暗影
chimchar,小火焰猴
chimchar_shadow,小火焰猴 暗影
monferno,猛火猴
monferno_shadow,猛火猴 暗影
infernape,烈焰猴
infernape_shadow,烈焰猴 暗影
piplup,波加曼
piplup_shadow,波加曼 暗影
prinplup,波皇子
prinplup_shadow,波皇子 暗影
empoleon,帝王拿波
empoleon_shadow,帝王拿波 暗影
starly,姆克兒
starly_shadow,姆克兒 暗影
staravia,姆克鳥
staravia_shadow,姆克鳥 暗影
staraptor,姆克鷹
staraptor_shadow,姆克鷹 暗影
bidoof,大牙狸
bidoof_shadow,大牙狸 暗影
bibarel,大尾狸
bibarel_shadow,大尾狸 暗影
kricketot,圓法師
kricketune,音箱蟀
shinx,小貓怪
shinx_shadow,小貓怪 暗影
luxio,勒克貓
luxio_shadow,勒克貓 暗影
luxray,倫琴貓
luxray_shadow,倫琴貓 暗影
budew,含羞苞
roserade,羅絲雷朵
cranidos,頭蓋龍
cranidos_shadow,頭蓋龍 暗影
rampardos,戰槌龍
rampardos_shadow,戰槌龍 暗影
shieldon,盾甲龍
shieldon_shadow,盾甲龍 暗影
bastiodon,護城龍
bastiodon_shadow,護城龍 暗影
burmy_plant,結草兒 草木
burmy_sandy,結草兒 砂土
burmy_trash,結草兒 垃圾
wormadam_plant,結草貴婦 草木
wormadam_sandy,結草貴婦 砂土
wormadam_trash,結草貴婦 垃圾
mothim,紳士蛾
combee,三蜜蜂
vespiquen,蜂女王
pachirisu,帕奇利茲
buizel,泳圈鼬
floatzel,浮潛鼬
cherubi,櫻花寶
cherrim_overcast,櫻花兒 陰天
cherrim_sunny,櫻花兒 晴天
shellos,無殼海兔
gastrodon,海兔獸
ambipom,雙尾怪手
ambipom_shadow,雙尾怪手 暗影
drifloon,飄飄球
drifloon_shadow,飄飄球 暗影
drifblim,隨風球
drifblim_shadow,隨風球 暗影
buneary,捲捲耳
lopunny,長耳兔
lopunny_mega,長耳兔 超級
mismagius,夢妖魔
mismagius_shadow,夢妖魔 暗影
honchkrow,烏鴉頭頭
honchkrow_shadow,烏鴉頭頭 暗影
glameow,魅力喵
glameow_shadow,魅力喵 暗影
purugly,東施喵
purugly_shadow,東施喵 暗影
chingling,鈴鐺響
stunky,臭鼬噗
stunky_shadow,臭鼬噗 暗影
skuntank,坦克臭鼬
skuntank_shadow,坦克臭鼬 暗影
bronzor,銅鏡怪
bronzong,青銅鐘
bonsly,盆才怪
mime_jr,魔尼尼
happiny,小福蛋
chatot,聒噪鳥
spiritomb,花岩怪
gible,圓陸鯊
gible_shadow,圓陸鯊 暗影
gabite,尖牙陸鯊
gabite_shadow,尖牙陸鯊 暗影
garchomp,烈咬陸鯊
garchomp_mega,烈咬陸鯊 超級
garchomp_shadow,烈咬陸鯊 暗影
munchlax,小卡比獸
riolu,利歐路
lucario,路卡利歐
lucario_mega,路卡利歐 超級
hippopotas,沙河馬
hippopotas_shadow,沙河馬 暗影
hippowdon,河馬獸
hippowdon_shadow,河馬獸 暗影
skorupi,鉗尾蠍
skorupi_shadow,鉗尾蠍 暗影
drapion,龍王蠍
drapion_shadow,龍王蠍 暗影
croagunk,不良蛙
croagunk_shadow,不良蛙 暗影
toxicroak,毒骷蛙
toxicroak_shadow,毒骷蛙 暗影
carnivine,尖牙籠
finneon,螢光魚
lumineon,霓虹魚
mantyke,小球飛魚
snover,雪笠怪
snover_shadow,雪笠怪 暗影
abomasnow,暴雪王
abomasnow_mega,暴雪王 超級
abomasnow_shadow,暴雪王 暗影
weavile,瑪狃拉
weavile_shadow,瑪狃拉 暗影
magnezone,自爆磁怪
magnezone_shadow,自爆磁怪 暗影
lickilicky,大舌舔
rhyperior,超甲狂犀
rhyperior_shadow,超甲狂犀 暗影
tangrowth,巨蔓藤
tangrowth_shadow,巨蔓藤 暗影
electivire,電擊魔獸
electivire_shadow,電擊魔獸 暗影
magmortar,鴨嘴炎獸
magmortar_shadow,鴨嘴炎獸 暗影
togekiss,波克基斯
yanmega,遠古巨蜓
leafeon,葉伊布
glaceon,冰伊布
gliscor,天蠍王
gliscor_shadow,天蠍王 暗影
mamoswine,象牙豬
mamoswine_shadow,象牙豬 暗影
porygon_z,多邊獸z
porygon_z_shadow,多邊獸z 暗影
gallade,艾路雷朵
gallade_shadow,艾路雷朵 暗影
probopass,大朝北鼻
probopass_shadow,大朝北鼻 暗影
dusknoir,黑夜魔靈
dusknoir_shadow,黑夜魔靈 暗影
froslass,雪妖女
froslass_shadow,雪妖女 暗影
rotom,洛托姆
rotom_fan,洛托姆 旋轉
rotom_frost,洛托姆 結冰
rotom_heat,洛托姆 加熱
rotom_mow,洛托姆 切割
rotom_wash,洛托姆 清洗
uxie,由克希
mesprit,艾姆利多
azelf,亞克諾姆
dialga,帝牙盧卡
dialga_origin,帝牙盧卡 起源
palkia,帕路奇亞
palkia_origin,帕路奇亞 起源
heatran,席多藍恩
regigigas,雷吉奇卡斯
regigigas_shadow,雷吉奇卡斯 暗影
giratina_altered,騎拉帝納 別種
giratina_origin,騎拉帝納 起源
cresselia,克雷色利亞
cresselia_shadow,克雷色利亞 暗影
phione,霏歐納
manaphy,瑪納霏
darkrai,達克萊伊
shaymin_land,謝米 陸上
shaymin_sky,謝米 天空
arceus,阿爾宙斯
arceus_bug,阿爾宙斯 蟲
arceus_dark,阿爾宙斯 惡
arceus_dragon,阿爾宙斯 龍
arceus_electric,阿爾宙斯 電
arceus_fairy,阿爾宙斯 妖精
arceus_fighting,阿爾宙斯 格鬥
arceus_fire,阿爾宙斯 火
arceus_flying,阿爾宙斯 飛行
arceus_ghost,阿爾宙斯 幽靈
arceus_grass,阿爾宙斯 草
arceus_ground,阿爾宙斯 地面
arceus_ice,阿爾宙斯 冰
arceus_poison,阿爾宙斯 毒
arceus_psychic,阿爾宙斯 超能力
arceus_rock,阿爾宙斯 岩石
arceus_steel,阿爾宙斯 鋼
arceus_water,阿爾宙斯 水
victini,比克提尼
snivy,藤藤蛇
servine,青藤蛇
serperior,君主蛇
tepig,暖暖豬
pignite,炒炒豬
emboar,炎武王
oshawott,水水獺
dewott,雙刃丸
samurott,大劍鬼
samurott_hisuian,大劍鬼 洗翠
patrat,探探鼠
patrat_shadow,探探鼠 暗影
watchog,步哨鼠
watchog_shadow,步哨鼠 暗影
lillipup,小約克
herdier,哈約克
stoutland,長毛狗
purrloin,扒手貓
purrloin_shadow,扒手貓 暗影
liepard,酷豹
liepard_shadow,酷豹 暗影
pansage,花椰猴
simisage,花椰猿
pansear,爆香猴
simisear,爆香猿
panpour,冷水猴
simipour,冷水猿
munna,食夢夢
musharna,夢夢蝕
pidove,豆豆鴿
pidove_shadow,豆豆鴿 暗影
tranquill,咕咕鴿
tranquill_shadow,咕咕鴿 暗影
unfezant,高傲雉雞
unfezant_shadow,高傲雉雞 暗影
blitzle,斑斑馬
blitzle_shadow,斑斑馬 暗影
zebstrika,雷電斑馬
zebstrika_shadow,雷電斑馬 暗影
roggenrola,石丸子
boldore,地幔岩
gigalith,龐岩怪
woobat,滾滾蝙蝠
swoobat,心蝙蝠
drilbur,螺釘地鼠
drilbur_shadow,螺釘地鼠 暗影
excadrill,龍頭地鼠
excadrill_shadow,龍頭地鼠 暗影
audino,差不多娃娃
timburr,搬運小匠
timburr_shadow,搬運小匠 暗影
gurdurr,鐵骨土人
gurdurr_shadow,鐵骨土人 暗影
conkeldurr,修建老匠
conkeldurr_shadow,修建老匠 暗影
tympole,圓蝌蚪
palpitoad,藍蟾蜍
seismitoad,蟾蜍王
throh,投摔鬼
throh_shadow,投摔鬼 暗影
sawk,打擊鬼
sawk_shadow,打擊鬼 暗影
sewaddle,蟲寶包
swadloon,寶包繭
leavanny,保母蟲
venipede,百足蜈蚣
whirlipede,車輪毬
scolipede,蜈蚣王
cottonee,木棉球
whimsicott,風妖精
petilil,百合根娃娃
lilligant,裙兒小姐
basculin,野蠻鱸魚
sandile,黑眼鱷
krokorok,混混鱷
krookodile,流氓鱷
darumaka,火紅不倒翁
darumaka_galarian,火紅不倒翁 伽勒爾
darumaka_shadow,火紅不倒翁 暗影
darmanitan_galarian_zen,達摩狒狒 伽勒爾 達摩模式
darmanitan_galarian_standard,達摩狒狒 伽勒爾 普通模式
darmanitan_standard,達摩狒狒 普通模式
darmanitan_zen,達摩狒狒 達摩模式
darmanitan_standard_shadow,達摩狒狒 普通模式 暗影
maractus,沙鈴仙人掌
dwebble,石居蟹
dwebble_shadow,石居蟹 暗影
crustle,岩殿居蟹
crustle_shadow,岩殿居蟹 暗影
scraggy,滑滑小子
scrafty,頭巾混混
sigilyph,象徵鳥
yamask,哭哭面具
yamask_galarian,哭哭面具 伽勒爾
cofagrigus,死神棺
tirtouga,原蓋海龜
tirtouga_shadow,原蓋海龜 暗影
carracosta,肋骨海龜
carracosta_shadow,肋骨海龜 暗影
archen,始祖小鳥
archen_shadow,始祖小鳥 暗影
archeops,始祖大鳥
archeops_shadow,始祖大鳥 暗影
trubbish,破破袋
garbodor,灰塵山
zorua,索羅亞
zoroark,索羅亞克
minccino,泡沫栗鼠
cinccino,奇諾栗鼠
gothita,哥德寶寶
gothita_shadow,哥德寶寶 暗影
gothorita,哥德小童
gothorita_shadow,哥德小童 暗影
gothitelle,哥德小姐
gothitelle_shadow,哥德小姐 暗影
solosis,單卵細胞球
solosis_shadow,單卵細胞球 暗影
duosion,雙卵細胞球
duosion_shadow,雙卵細胞球 暗影
reuniclus,人造細胞卵
reuniclus_shadow,人造細胞卵 暗影
ducklett,鴨寶寶
ducklett_shadow,鴨寶寶 暗影
swanna,舞天鵝
swanna_shadow,舞天鵝 暗影
vanillite,迷你冰
vanillish,多多冰
vanilluxe,雙倍多多冰
deerling,四季鹿
sawsbuck,萌芽鹿
emolga,電飛鼠
karrablast,蓋蓋蟲
escavalier,騎士蝸牛
foongus,哎呀球菇
foongus_shadow,哎呀球菇 暗影
amoonguss,敗露球菇
amoonguss_shadow,敗露球菇 暗影
frillish,輕飄飄
jellicent,胖嘟嘟
alomomola,保母曼波
joltik,電電蟲
joltik_shadow,電電蟲 暗影
galvantula,電蜘蛛
galvantula_shadow,電蜘蛛 暗影
ferroseed,種子鐵球
ferroseed_shadow,種子鐵球 暗影
ferrothorn,堅果啞鈴
ferrothorn_shadow,堅果啞鈴 暗影
klink,齒輪兒
klang,齒輪組
klinklang,齒輪怪
tynamo,麻麻小魚
eelektrik,麻麻鰻
eelektross,麻麻鰻魚王
elgyem,小灰怪
beheeyem,大宇怪
litwick,燭光靈
litwick_shadow,燭光靈 暗影
lampent,燈火幽靈
lampent_shadow,燈火幽靈 暗影
chandelure,水晶燈火靈
chandelure_shadow,水晶燈火靈 暗影
axew,牙牙
fraxure,斧牙龍
haxorus,雙斧戰龍
cubchoo,噴嚏熊
beartic,凍原熊
cryogonal,幾何雪花
shelmet,小嘴蝸
accelgor,敏捷蟲
stunfisk,泥巴魚
stunfisk_galarian,泥巴魚 伽勒爾
mienfoo,功夫鼬
mienshao,師父鼬
druddigon,赤面龍
golett,泥偶小人
golett_shadow,泥偶小人 暗影
golurk,泥偶巨人
golurk_shadow,泥偶巨人 暗影
pawniard,駒刀小兵
bisharp,劈斬司令
bouffalant,爆炸頭水牛
rufflet,毛頭小鷹
braviary,勇士雄鷹
braviary_hisuian,勇士雄鷹 洗翠
vullaby,禿鷹丫頭
mandibuzz,禿鷹娜
heatmor,熔蟻獸
durant,鐵蟻
deino,單首龍
zweilous,雙首暴龍
hydreigon,三首惡龍
larvesta,燃燒蟲
volcarona,火神蛾
cobalion,勾帕路翁
terrakion,代拉基翁
virizion,畢力吉翁
tornadus_incarnate,龍捲雲 化身
tornadus_therian,龍捲雲 靈獸
thundurus_incarnate,雷電雲 化身
thundurus_therian,雷電雲 靈獸
reshiram,萊希拉姆
zekrom,捷克羅姆
landorus_incarnate,土地雲 化身
landorus_therian,土地雲 靈獸
kyurem,酋雷姆
kyurem_black,酋雷姆 焰黑
kyurem_white,酋雷姆 焰白
keldeo_ordinary,凱路迪歐 普通
keldeo_resolute,凱路迪歐 覺悟
meloetta_aria,美洛耶塔 歌聲
meloetta_pirouette,美洛耶塔 舞步
genesect,蓋諾賽克特
genesect_burn,蓋諾賽克特 火焰卡帶
genesect_chill,蓋諾賽克特 冰凍卡帶
genesect_douse,蓋諾賽克特 水流卡帶
genesect_shock,蓋諾賽克特 閃電卡帶
chespin,哈力栗
quilladin,胖胖哈力
chesnaught,布里卡隆
fennekin,火狐狸
braixen,長尾火狐
delphox,妖火紅狐
froakie,呱呱泡蛙
frogadier,呱頭蛙
greninja,甲賀忍蛙
bunnelby,掘掘兔
diggersby,掘地兔
fletchling,小箭雀
fletchinder,火箭雀
talonflame,烈箭鷹
scatterbug,粉蝶蟲
spewpa,粉蝶蛹
vivillon,彩粉蝶
litleo,小獅獅
pyroar,火炎獅
flabebe,花蓓蓓
floette,花葉蒂
florges,花潔夫人
skiddo,坐騎小羊
gogoat,坐騎山羊
pancham,頑皮熊貓
pangoro,流氓熊貓
furfrou,多麗米亞
espurr,妙喵
meowstic_female,超能妙喵 雌性
meowstic,超能妙喵 雄性
honedge,獨劍鞘
doublade,雙劍鞘
aegislash,堅盾劍怪
spritzee,粉香香
aromatisse,芳香精
swirlix,綿綿泡芙
slurpuff,胖甜妮
inkay,好啦魷
malamar,烏賊王
binacle,龜腳腳
barbaracle,龜足巨鎧
skrelp,垃垃藻
dragalge,毒藻龍
clauncher,鐵臂槍蝦
clawitzer,鋼炮臂蝦
helioptile,傘電蜥
heliolisk,光電傘蜥
tyrunt,寶寶暴龍
tyrantrum,怪顎龍
amaura,冰雪龍
aurorus,冰雪巨龍
sylveon,仙子伊布
hawlucha,摔角鷹人
dedenne,咚咚鼠
carbink,小碎鑽
goomy,黏黏寶
sliggoo,黏美兒
goodra,黏美龍
klefki,鑰圈兒
phantump,小木靈
trevenant,朽木妖
pumpkaboo_average,南瓜精 普通
pumpkaboo_large,南瓜精 大
pumpkaboo_small,南瓜精 小
pumpkaboo_super,南瓜精 特大
gourgeist_average,南瓜怪人 普通
gourgeist_large,南瓜怪人 大
gourgeist_small,南瓜怪人 小
gourgeist_super,南瓜怪人 特大
bergmite,冰寶
avalugg,冰岩怪
avalugg_hisuian,冰岩怪 洗翠
noibat,嗡蝠
noivern,音波龍
xerneas,哲爾尼亞斯
yveltal,伊裴爾塔爾
zygarde_10,基格爾德 10%
zygarde,基格爾德 50%
zygarde_complete,基格爾德 完全體
diancie,蒂安希
diancie_mega,蒂安希 超級
hoopa,胡帕
hoopa_confined,胡帕 懲戒
hoopa_unbound,胡帕 解放
volcanion,波爾凱尼恩
rowlet,木木梟
dartrix,投羽梟
decidueye,狙射樹梟
decidueye_hisuian,狙射樹梟 洗翠
litten,火斑喵
torracat,炎熱喵
incineroar,熾焰咆哮虎
popplio,球球海獅
brionne,花漾海獅
primarina,西獅海壬
pikipek,小篤兒
trumbeak,喇叭啄鳥
toucannon,銃嘴大鳥
yungoos,貓鼬少
gumshoos,貓鼬探長
grubbin,強顎雞母蟲
charjabug,蟲電寶
vikavolt,鍬農炮蟲
crabrawler,好勝蟹
crabominable,好勝毛蟹
oricorio_baile,花舞鳥 熱辣
oricorio_pau,花舞鳥 呼拉
oricorio_pom_pom,花舞鳥 啪滋
oricorio_sensu,花舞鳥 輕盈
cutiefly,萌虻
ribombee,蝶結萌虻
rockruff,岩狗狗
lycanroc_dusk,鬃岩狼人 黃昏
lycanroc_midday,鬃岩狼人 白晝
lycanroc_midnight,鬃岩狼人 黑夜
wishiwashi,弱丁魚
wishiwashi_school,弱丁魚 魚群
wishiwashi_solo,弱丁魚 單獨
mareanie,好壞星
toxapex,超壞星
mudbray,泥驢仔
mudsdale,重泥挽馬
dewpider,滴蛛
araquanid,滴蛛霸
fomantis,偽螳草
lurantis,蘭螳花
morelull,睡睡菇
shiinotic,燈罩夜菇
salandit,夜盜火蜥
salazzle,焰后蜥
stufful,童偶熊
bewear,穿著熊
bounsweet,甜竹竹
steenee,甜舞妮
tsareena,甜冷美后
comfey,花療環環
oranguru,智揮猩
passimian,投擲猴
wimpod,膽小蟲
golisopod,具甲武者
sandygast,沙丘娃
palossand,噬沙堡爺
pyukumuku,拳海參
type_null,屬性:空
silvally,銀伴戰獸
silvally_bug,銀伴戰獸 蟲
silvally_dark,銀伴戰獸 惡
silvally_dragon,銀伴戰獸 龍
silvally_electric,銀伴戰獸 電
silvally_fairy,銀伴戰獸 妖精
silvally_fighting,銀伴戰獸 格鬥
silvally_fire,銀伴戰獸 火
silvally_flying,銀伴戰獸 飛行
silvally_ghost,銀伴戰獸 幽靈
silvally_grass,銀伴戰獸 草
silvally_ground,銀伴戰獸 地面
silvally_ice,銀伴戰獸 冰
silvally_poison,銀伴戰獸 毒
silvally_psychic,銀伴戰獸 超能力
silvally_rock,銀伴戰獸 岩石
silvally_steel,銀伴戰獸 鋼
silvally_water,銀伴戰獸 水
minior_core,小隕星 核心
minior_meteor,小隕星 流星
komala,樹枕尾熊
turtonator,爆焰龜獸
togedemaru,托戈德瑪爾
mimikyu,謎擬Q
bruxish,磨牙彩皮魚
drampa,老翁龍
dhelmise,破破舵輪
jangmo_o,心鱗寶
hakamo_o,鱗甲龍
kommo_o,杖尾鱗甲龍
tapu_koko,卡璞．鳴鳴
tapu_lele,卡璞．蝶蝶
tapu_bulu,卡璞．哞哞
tapu_fini,卡璞．鰭鰭
cosmog,科斯莫古
cosmoem,科斯莫姆
solgaleo,索爾迦雷歐
lunala,露奈雅拉
nihilego,虛吾伊德
buzzwole,爆肌蚊
pheromosa,費洛美螂
xurkitree,電束木
celesteela,鐵火輝夜
kartana,紙御劍
guzzlord,惡食大王
necrozma,奈克洛茲瑪
necrozma_dawn_wings,奈克洛茲瑪 拂曉之翼
necrozma_dusk_mane,奈克洛茲瑪 黃昏之鬃
necrozma_ultra,奈克洛茲瑪 究極
magearna,瑪機雅娜
marshadow,瑪夏多
poipole,毒貝比
naganadel,四顎針龍
stakataka,壘磊石
blacephalon,砰頭小丑
zeraora,捷拉奧拉
meltan,美錄坦
melmetal,美錄梅塔
grookey,敲音猴
thwackey,啪咚猴
rillaboom,轟擂金剛猩
scorbunny,炎兔兒
raboot,騰蹴小將
cinderace,閃焰王牌
sobble,淚眼蜥
drizzile,變澀蜥
inteleon,千面避役
skwovet,貪心栗鼠
greedent,藏飽栗鼠
rookidee,稚山雀
corvisquire,藍鴉
corviknight,鋼鎧鴉
blipbug,索偵蟲
dottler,天罩蟲
orbeetle,以歐路普
nickit,偷兒狐
thievul,狐大盜
gossifleur,幼棉棉
eldegoss,白蓬蓬
wooloo,毛辮羊
dubwool,毛毛角羊
chewtle,咬咬龜
drednaw,暴噬龜
yamper,來電汪
boltund,逐電犬
rolycoly,小炭仔
carkol,大炭車
coalossal,巨炭山
applin,啃果蟲
flapple,蘋裹龍
appletun,豐蜜龍
silicobra,沙包蛇
sandaconda,沙螺蟒
cramorant,古月鳥
arrokuda,刺梭魚
barraskewda,戽斗尖梭
toxel,毒電嬰
toxtricity,顫弦蠑螈
toxtricity_amped,顫弦蠑螈 高調
toxtricity_low_key,顫弦蠑螈 低調
sizzlipede,燒火蚣
centiskorch,焚焰蚣
clobbopus,拳拳蛸
grapploct,八爪武師
sinistea,來悲茶
sinistea_antique,來悲茶 真品
sinistea_phony,來悲茶 贗品
polteageist,怖思壺
polteageist_antique,怖思壺 真品
polteageist_phony,怖思壺 贗品
hatenna,迷布莉姆
hattrem,提布莉姆
hatterene,布莉姆溫
impidimp,搗蛋小妖
morgrem,詐唬魔
grimmsnarl,長毛巨魔
obstagoon,堵攔熊
perrserker,喵頭目
cursola,魔靈珊瑚
sirfetchd,蔥遊兵
mr_rime,踏冰人偶
runerigus,死神板
milcery,小仙奶
alcremie,霜奶仙
falinks,列陣兵
pincurchin,啪嚓海膽
snom,雪吞蟲
frosmoth,雪絨蛾
stonjourner,巨石丁
eiscue,冰砌鵝
eiscue_ice,冰砌鵝 結凍頭
eiscue_noice,冰砌鵝 解凍頭
indeedee,愛管侍
indeedee_female,愛管侍 雌性
indeedee_male,愛管侍 雄性
morpeko,莫魯貝可
morpeko_full_belly,莫魯貝可 滿腹花紋
morpeko_hangry,莫魯貝可 空腹花紋
cufant,銅象
copperajah,大王銅象
dracozolt,雷鳥龍
arctozolt,雷鳥海獸
dracovish,鰓魚龍
arctovish,鰓魚海獸
duraludon,鋁鋼龍
dreepy,多龍梅西亞
drakloak,多龍奇
dragapult,多龍巴魯托
zacian,蒼響
zacian_crowned_sword,蒼響 劍之王
zacian_hero,蒼響 百戰勇者
zamazenta,藏瑪然特
zamazenta_crowned_shield,藏瑪然特 盾之王
zamazenta_hero,藏瑪然特 百戰勇者
eternatus,無極汰那
eternatus_eternamax,無極汰那 無極巨化
kubfu,熊徒弟
urshifu,武道熊師
urshifu_rapid_strike,武道熊師 連擊流
urshifu_single_strike,武道熊師 一擊流
zarude,薩戮德
regieleki,雷吉艾勒奇
regidrago,雷吉鐸拉戈
glastrier,雪暴馬
spectrier,靈幽馬
calyrex,蕾冠王
calyrex_ice_rider,蕾冠王 騎白馬
wyrdeer,詭角鹿
kleavor,劈斧螳螂
ursaluna,月月熊
ursaluna_shadow,月月熊 暗影
basculegion_female,幽尾玄魚 雌性
basculegion_male,幽尾玄魚 雄性
sneasler,大狃拉
sneasler_shadow,大狃拉 暗影
overqwil,萬針魚
enamorus_incarnate,眷戀雲 化身
enamorus_therian,眷戀雲 靈獸
sprigatito,新葉喵
floragato,蒂蕾喵
meowscarada,魔幻假面喵
fuecoco,呆火鱷
crocalor,炙燙鱷
skeledirge,骨紋巨聲鱷
quaxly,潤水鴨
quaxwell,湧躍鴨
quaquaval,狂歡浪舞鴨
lechonk,愛吃豚
oinkologne,飄香豚
oinkologne_female,飄香豚 雌性
tarountula,團珠蛛
spidops,操陷蛛
nymble,豆蟋蟀
lokix,烈腿蝗
pawmi,布撥
pawmo,布土撥
pawmot,巴布土撥
tandemaus,一對鼠
maushold,一家鼠
maushold_family_of_four,一家鼠 四隻
maushold_family_of_three,一家鼠 三隻
fidough,狗仔包
dachsbun,麻花犬
smoliv,迷你芙
dolliv,奧利紐
arboliva,奧利瓦
squawkabilly,怒鸚哥
squawkabilly_blue,怒鸚哥 藍
squawkabilly_green,怒鸚哥 綠
squawkabilly_white,怒鸚哥 白
squawkabilly_yellow,怒鸚哥 黃
nacli,鹽石寶
naclstack,鹽石壘
garganacl,鹽石巨靈
charcadet,炭小侍
armarouge,紅蓮鎧騎
ceruledge,蒼炎刃鬼
tadbulb,光蚪仔
bellibolt,電肚蛙
wattrel,電海燕
kilowattrel,大電海燕
maschiff,偶叫獒
mabosstiff,獒教父
shroodle,滋汁鼴
grafaiai,塗標客
bramblin,納噬草
brambleghast,怖納噬草
toedscool,原野水母
toedscruel,陸地水母
klawf,毛崖蟹
capsakid,熱辣娃
scovillain,狠辣椒
rellor,蟲滾泥
rabsca,蟲甲聖
flittle,飄飄雛
espathra,超能豔鴕
tinkatink,小鍛匠
tinkatuff,巧鍛匠
tinkaton,巨鍛匠
wiglett,海地鼠
wugtrio,三海地鼠
bombirdier,下石鳥
finizen,波普海豚
palafin,海豚俠
palafin_hero,海豚俠 全能
palafin_zero,海豚俠 平凡
varoom,噗隆隆
revavroom,普隆隆姆
cyclizar,摩托蜥
orthworm,拖拖蚓
glimmet,晶光芽
glimmora,晶光花
greavard,墓仔狗
houndstone,墓揚犬
flamigo,纏紅鶴
cetoddle,走鯨
cetitan,浩大鯨
veluza,輕身鱈
dondozo,吃吼霸
tatsugiri,米立龍
tatsugiri_curly,米立龍 上弓
tatsugiri_droopy,米立龍 下垂
tatsugiri_stretchy,米立龍 平挺
annihilape,棄世猴
clodsire,土王
farigiraf,奇麒麟
dudunsparce,土龍節節
dudunsparce_three,土龍節節 三節
dudunsparce_two,土龍節節 二節
kingambit,仆斬將軍
greattusk,雄偉牙
screamtail,吼叫尾
brutebonnet,猛惡菇
fluttermane,振翼髮
slitherwing,爬地翅
sandyshocks,沙鐵皮
irontreads,鐵轍跡
ironbundle,鐵包袱
ironhands,鐵臂膀
ironjugulis,鐵脖頸
ironmoth,鐵毒蛾
ironthorns,鐵荊棘
frigibax,涼脊龍
arctibax,凍脊龍
baxcalibur,戟脊龍
gimmighoul,索財靈
gholdengo,賽富豪
wo_chien,古簡蝸
chien_pao,古劍豹
ting_lu,古鼎鹿
chi_yu,古玉魚
roaringmoon,轟鳴月
ironvaliant,鐵武者
koraidon,故勒頓
koraidon_apex,故勒頓 完全
miraidon,密勒頓
miraidon_ultimate,密勒頓 完全
